[debug] [2026-03-24T16:49:00.636Z] ----------------------------------------------------------------------
[debug] [2026-03-24T16:49:00.641Z] Command:       /root/.nvm/versions/node/v20.19.6/bin/node /root/.nvm/versions/node/v20.19.6/bin/firebase deploy
[debug] [2026-03-24T16:49:00.642Z] CLI Version:   15.11.0
[debug] [2026-03-24T16:49:00.642Z] Platform:      linux
[debug] [2026-03-24T16:49:00.642Z] Node Version:  v20.19.6
[debug] [2026-03-24T16:49:00.642Z] Time:          Tue Mar 24 2026 17:49:00 GMT+0100 (Central European Standard Time)
[debug] [2026-03-24T16:49:00.642Z] ----------------------------------------------------------------------
[debug] 
[debug] [2026-03-24T16:49:00.644Z] >>> [apiv2][query] GET https://firebase-public.firebaseio.com/cli.json [none]
[debug] [2026-03-24T16:49:02.763Z] > command requires scopes: ["email","openid","https://www.googleapis.com/auth/cloudplatformprojects.readonly","https://www.googleapis.com/auth/firebase","https://www.googleapis.com/auth/cloud-platform"]
[debug] [2026-03-24T16:49:02.763Z] > authorizing via signed-in user (horsensmlt@gmail.com)
[debug] [2026-03-24T16:49:02.764Z] [iam] checking project echoops-65d4b for permissions ["firebase.projects.get","firebasehosting.sites.update"]
[debug] [2026-03-24T16:49:02.764Z] Checked if tokens are valid: false, expires at: 1774280438271
[debug] [2026-03-24T16:49:02.764Z] Checked if tokens are valid: false, expires at: 1774280438271
[debug] [2026-03-24T16:49:02.764Z] > refreshing access token with scopes: []
[debug] [2026-03-24T16:49:02.765Z] >>> [apiv2][query] POST https://www.googleapis.com/oauth2/v3/token [none]
[debug] [2026-03-24T16:49:02.766Z] >>> [apiv2][body] POST https://www.googleapis.com/oauth2/v3/token [omitted]
[debug] [2026-03-24T16:49:02.945Z] <<< [apiv2][status] POST https://www.googleapis.com/oauth2/v3/token 200
[debug] [2026-03-24T16:49:02.945Z] <<< [apiv2][body] POST https://www.googleapis.com/oauth2/v3/token [omitted]
[debug] [2026-03-24T16:49:02.969Z] >>> [apiv2][query] POST https://cloudresourcemanager.googleapis.com/v1/projects/echoops-65d4b:testIamPermissions [none]
[debug] [2026-03-24T16:49:02.969Z] >>> [apiv2][(partial)header] POST https://cloudresourcemanager.googleapis.com/v1/projects/echoops-65d4b:testIamPermissions  x-goog-user-project=echoops-65d4b
[debug] [2026-03-24T16:49:02.970Z] >>> [apiv2][body] POST https://cloudresourcemanager.googleapis.com/v1/projects/echoops-65d4b:testIamPermissions {"permissions":["firebase.projects.get","firebasehosting.sites.update"]}
[debug] [2026-03-24T16:49:03.142Z] <<< [apiv2][status] GET https://firebase-public.firebaseio.com/cli.json 200
[debug] [2026-03-24T16:49:03.142Z] <<< [apiv2][body] GET https://firebase-public.firebaseio.com/cli.json {"cloudBuildErrorAfter":1594252800000,"cloudBuildWarnAfter":1590019200000,"defaultNode10After":1594252800000,"minVersion":"3.0.5","node8DeploysDisabledAfter":1613390400000,"node8RuntimeDisabledAfter":1615809600000,"node8WarnAfter":1600128000000}
[debug] [2026-03-24T16:49:03.380Z] <<< [apiv2][status] POST https://cloudresourcemanager.googleapis.com/v1/projects/echoops-65d4b:testIamPermissions 200
[debug] [2026-03-24T16:49:03.381Z] <<< [apiv2][body] POST https://cloudresourcemanager.googleapis.com/v1/projects/echoops-65d4b:testIamPermissions {"permissions":["firebase.projects.get","firebasehosting.sites.update"]}
[debug] [2026-03-24T16:49:03.381Z] Checked if tokens are valid: true, expires at: 1774374541946
[debug] [2026-03-24T16:49:03.382Z] Checked if tokens are valid: true, expires at: 1774374541946
[debug] [2026-03-24T16:49:03.382Z] >>> [apiv2][query] GET https://firebase.googleapis.com/v1beta1/projects/echoops-65d4b [none]
[debug] [2026-03-24T16:49:04.031Z] <<< [apiv2][status] GET https://firebase.googleapis.com/v1beta1/projects/echoops-65d4b 200
[debug] [2026-03-24T16:49:04.031Z] <<< [apiv2][body] GET https://firebase.googleapis.com/v1beta1/projects/echoops-65d4b {"projectId":"echoops-65d4b","projectNumber":"83155172875","displayName":"echoops","name":"projects/echoops-65d4b","resources":{"hostingSite":"echoops-65d4b"},"state":"ACTIVE","etag":"1_fac38b68-1f3b-48ec-9605-2041de4a2e8a"}
[debug] [2026-03-24T16:49:05.812Z] defaultcredentials: writing to file /root/.config/firebase/horsensmlt_gmail_com_application_default_credentials.json
[debug] [2026-03-24T16:49:05.815Z] Checked if tokens are valid: true, expires at: 1774374541946
[debug] [2026-03-24T16:49:05.815Z] Checked if tokens are valid: true, expires at: 1774374541946
[debug] [2026-03-24T16:49:05.816Z] >>> [apiv2][query] GET https://firebasehosting.googleapis.com/v1beta1/projects/echoops-65d4b/sites pageToken=&pageSize=10
[debug] [2026-03-24T16:49:07.142Z] <<< [apiv2][status] GET https://firebasehosting.googleapis.com/v1beta1/projects/echoops-65d4b/sites 200
[debug] [2026-03-24T16:49:07.142Z] <<< [apiv2][body] GET https://firebasehosting.googleapis.com/v1beta1/projects/echoops-65d4b/sites {"sites":[{"name":"projects/echoops-65d4b/sites/echoops-65d4b","defaultUrl":"https://echoops-65d4b.web.app","type":"DEFAULT_SITE"}]}
[debug] [2026-03-24T16:49:07.142Z] Checked if tokens are valid: true, expires at: 1774374541946
[debug] [2026-03-24T16:49:07.143Z] Checked if tokens are valid: true, expires at: 1774374541946
[debug] [2026-03-24T16:49:07.143Z] >>> [apiv2][query] GET https://firebasehosting.googleapis.com/v1beta1/projects/echoops-65d4b/sites 
[debug] [2026-03-24T16:49:08.158Z] <<< [apiv2][status] GET https://firebasehosting.googleapis.com/v1beta1/projects/echoops-65d4b/sites 200
[debug] [2026-03-24T16:49:08.158Z] <<< [apiv2][body] GET https://firebasehosting.googleapis.com/v1beta1/projects/echoops-65d4b/sites {"sites":[{"name":"projects/echoops-65d4b/sites/echoops-65d4b","defaultUrl":"https://echoops-65d4b.web.app","type":"DEFAULT_SITE"}]}
[debug] [2026-03-24T16:49:08.159Z] Checked if tokens are valid: true, expires at: 1774374541946
[debug] [2026-03-24T16:49:08.159Z] Checked if tokens are valid: true, expires at: 1774374541946
[debug] [2026-03-24T16:49:08.160Z] >>> [apiv2][query] GET https://firebase.googleapis.com/v1beta1/projects/echoops-65d4b/webApps/-/config [none]
[debug] [2026-03-24T16:49:08.704Z] <<< [apiv2][status] GET https://firebase.googleapis.com/v1beta1/projects/echoops-65d4b/webApps/-/config 200
[debug] [2026-03-24T16:49:08.704Z] <<< [apiv2][body] GET https://firebase.googleapis.com/v1beta1/projects/echoops-65d4b/webApps/-/config {"projectId":"echoops-65d4b","storageBucket":"echoops-65d4b.firebasestorage.app","apiKey":"AIzaSyB3W0G5VVxG1Zozbqdr2o5zgaYO_nHkgJM","authDomain":"echoops-65d4b.firebaseapp.com","messagingSenderId":"83155172875","projectNumber":"83155172875","version":"2"}
[info] 
   Thank you for trying our early preview of Next.js support on Firebase Hosting.
   During the preview, support is best-effort and breaking changes can be expected. Proceed with caution.
   The integration is known to work with Next.js version 12 - 15.0. You may encounter errors.

   Documentation: https://firebase.google.com/docs/hosting/frameworks/nextjs
   File a bug: https://github.com/firebase/firebase-tools/issues/new?template=bug_report.md
   Submit a feature request: https://github.com/firebase/firebase-tools/issues/new?template=feature_request.md

   We'd love to learn from you. Express your interest in helping us shape the future of Firebase Hosting: https://goo.gle/41enW5X

[debug] [2026-03-24T16:49:11.517Z] Checked if tokens are valid: true, expires at: 1774374541946
[debug] [2026-03-24T16:49:11.517Z] Checked if tokens are valid: true, expires at: 1774374541946
[debug] [2026-03-24T16:49:11.517Z] >>> [apiv2][query] GET https://firebasehosting.googleapis.com/v1beta1/projects/echoops-65d4b/sites/echoops-65d4b [none]
[debug] [2026-03-24T16:49:12.187Z] <<< [apiv2][status] GET https://firebasehosting.googleapis.com/v1beta1/projects/echoops-65d4b/sites/echoops-65d4b 200
[debug] [2026-03-24T16:49:12.187Z] <<< [apiv2][body] GET https://firebasehosting.googleapis.com/v1beta1/projects/echoops-65d4b/sites/echoops-65d4b {"name":"projects/echoops-65d4b/sites/echoops-65d4b","defaultUrl":"https://echoops-65d4b.web.app","type":"DEFAULT_SITE"}
[info]    ▲ Next.js 15.3.6

[info]    - Environments: .env.local


[info]    Creating an optimized production build ...

[info] Browserslist: browsers data (caniuse-lite) is 11 months old. Please run:
  npx update-browserslist-db@latest
  Why you should do it regularly: https://github.com/browserslist/update-db#readme

[info]  ✓ Compiled successfully in 11.0s

[info]    Linting and checking validity of types ...

[info]    Collecting page data ...

[info]    Generating static pages (0/87) ...

[info]    Generating static pages (21/87) 

[info]    Generating static pages (43/87) 

[info]    Generating static pages (65/87) 

[info]  ✓ Generating static pages (87/87)

[info]    Finalizing page optimization ...
   Collecting build traces ...

[info] 

[info] Route (app)                                                     Size  First Load JS  Revalidate  Expire
┌ ○ /                                                          193 B         111 kB          5m      1y
├ ○ /_not-found                                                276 B         102 kB
├ ○ /about                                                     190 B         105 kB
├ ƒ /api/ado                                                   276 B         102 kB
├ ƒ /api/ado/comprehensive-sync                                276 B         102 kB
├ ƒ /api/ado/config                                            276 B         102 kB
├ ƒ /api/ado/debug-sync                                        276 B         102 kB
├ ƒ /api/ado/projects                                          276 B         102 kB
├ ƒ /api/ado/projects/[projectId]/repos                        276 B         102 kB
├ ƒ /api/ado/projects/[projectId]/teams                        276 B         102 kB
├ ƒ /api/ado/projects/[projectId]/teams/[teamId]/members       276 B         102 kB
├ ƒ /api/ado/sync-members                                      276 B         102 kB
├ ƒ /api/ado/sync-project                                      276 B         102 kB
├ ƒ /api/ado/webhook                                           276 B         102 kB
├ ƒ /api/ado/webhook/diagnose                                  276 B         102 kB
├ ƒ /api/ado/webhook/signature-debug                           276 B         102 kB
├ ƒ /api/ado/webhook/test                                      276 B         102 kB
├ ƒ /api/ai/agent-config                                       276 B         102 kB
├ ƒ /api/ai/execute                                            276 B         102 kB
├ ƒ /api/ai/execute/[jobId]                                    276 B         102 kB
├ ƒ /api/auth/ensure-user                                      276 B         102 kB
├ ƒ /api/auth/lookup-domain                                    276 B         102 kB
├ ƒ /api/email/send                                            276 B         102 kB
├ ƒ /api/email/send-verification                               276 B         102 kB
├ ƒ /api/email/verify                                          276 B         102 kB
├ ƒ /api/projects/[projectId]                                  276 B         102 kB
├ ƒ /api/projects/[projectId]/ai-jobs                          276 B         102 kB
├ ƒ /api/projects/[projectId]/ai-jobs/retry                    276 B         102 kB
├ ƒ /api/projects/[projectId]/manager                          276 B         102 kB
├ ƒ /api/projects/[projectId]/members                          276 B         102 kB
├ ƒ /api/projects/[projectId]/members/[userId]                 276 B         102 kB
├ ƒ /api/projects/[projectId]/members/[userId]/weekly-hours    276 B         102 kB
├ ƒ /api/projects/[projectId]/tags                             276 B         102 kB
├ ƒ /api/projects/[projectId]/webhook-config                   276 B         102 kB
├ ƒ /api/projects/[projectId]/weekly-hours                     276 B         102 kB
├ ƒ /api/projects/ado                                          276 B         102 kB
├ ƒ /api/projects/ado/[projectId]                              276 B         102 kB
├ ƒ /api/projects/tags                                         276 B         102 kB
├ ƒ /api/seed/states                                           276 B         102 kB
├ ƒ /api/settings                                              276 B         102 kB
├ ƒ /api/settings/ado                                          276 B         102 kB
├ ƒ /api/settings/ai-agent                                     276 B         102 kB
├ ƒ /api/settings/ai-provider                                  276 B         102 kB
├ ƒ /api/settings/organization                                 276 B         102 kB
├ ƒ /api/settings/saml                                         276 B         102 kB
├ ƒ /api/settings/test-ai                                      276 B         102 kB
├ ƒ /api/settings/verify-ado                                   276 B         102 kB
├ ƒ /api/states                                                276 B         102 kB
├ ƒ /api/user/debug                                            276 B         102 kB
├ ƒ /api/user/direct-fix                                       276 B         102 kB
├ ƒ /api/user/fix-missing-data                                 276 B         102 kB
├ ƒ /api/user/profile                                          276 B         102 kB
├ ƒ /api/user/theme                                            276 B         102 kB
├ ○ /auth/error                                                993 B         106 kB
├ ○ /auth/signin                                             3.99 kB         151 kB
├ ○ /auth/signout                                            1.56 kB         143 kB
├ ○ /auth/signup                                              3.5 kB         150 kB
├ ○ /auth/verify-email                                       1.59 kB         107 kB
├ ○ /blog                                                      193 B         111 kB          5m      1y
├ ● /blog/[slug]                                               191 B         111 kB          5m      1y
├   ├ /blog/azure-devops-ai-transformation                                                   5m      1y
├   ├ /blog/azure-devops-roadmap-automation                                                  5m      1y
├   ├ /blog/reduce-developer-friction-azure-devops                                           5m      1y
├   └ [+2 more paths]
├ ● /blog/tag/[tag]                                            191 B         111 kB          5m      1y
├   ├ /blog/tag/Azure DevOps AI Transformation                                               5m      1y
├   ├ /blog/tag/AI-Driven Development                                                        5m      1y
├   ├ /blog/tag/AIOps                                                                        5m      1y
├   └ [+26 more paths]
├ ○ /dashboard                                               5.82 kB         153 kB
├ ○ /how-to                                                    190 B         105 kB
├ ○ /privacy                                                   190 B         105 kB
├ ƒ /projects/[projectId]                                    24.5 kB         166 kB
├ ƒ /projects/[projectId]/settings                             22 kB         124 kB
├ ƒ /projects/[projectId]/weekly-hours                       3.37 kB         109 kB
├ ○ /projects/azure                                          8.48 kB         150 kB
├ ○ /robots.txt                                                276 B         102 kB
├ ○ /settings                                                6.94 kB         149 kB
├ ○ /sitemap.xml                                               276 B         102 kB          5m      1y
├ ○ /terms                                                     190 B         105 kB
└ ○ /test-email                                               2.3 kB         141 kB
+ First Load JS shared by all                                 102 kB
  ├ chunks/1684-f58a7978e918102d.js                          46.6 kB
  ├ chunks/4bd1b696-ec63d4dbc9566966.js                      53.2 kB
  └ other shared chunks (total)                              2.08 kB



[info] ○  (Static)   prerendered as static content
●  (SSG)      prerendered as static HTML (uses generateStaticParams)
ƒ  (Dynamic)  server-rendered on demand


[info] Building a Cloud Function to run this application. This is needed due to:
[info]  • Image Optimization
[info]  • use of fallback /blog/tag/[tag]
[info]  • use of fallback /blog/[slug]
[info]  • use of revalidate /sitemap.xml
[info]  • use of revalidate /
[debug] [2026-03-24T16:50:06.416Z]  • use of revalidate /blog
[debug] [2026-03-24T16:50:06.416Z]  • use of revalidate /blog/tag/[tag]
[debug] [2026-03-24T16:50:06.416Z]  • use of revalidate /blog/[slug]
[debug] [2026-03-24T16:50:06.416Z]  • non-static component /api/ado/config/route
[debug] [2026-03-24T16:50:06.416Z]  • non-static component /api/ado/debug-sync/route
[debug] [2026-03-24T16:50:06.416Z]  • non-static component /api/ado/route
[debug] [2026-03-24T16:50:06.416Z]  • non-static component /api/ado/sync-project/route
[debug] [2026-03-24T16:50:06.416Z]  • non-static component /api/ado/webhook/diagnose/route
[debug] [2026-03-24T16:50:06.416Z]  • non-static component /api/ado/sync-members/route
[debug] [2026-03-24T16:50:06.416Z]  • non-static component /api/ai/agent-config/route
[debug] [2026-03-24T16:50:06.416Z]  • non-static component /api/ado/webhook/route
[debug] [2026-03-24T16:50:06.416Z]  • non-static component /api/ado/webhook/signature-debug/route
[debug] [2026-03-24T16:50:06.416Z]  • non-static component /api/ai/execute/[jobId]/route
[debug] [2026-03-24T16:50:06.416Z]  • non-static component /api/ado/webhook/test/route
[debug] [2026-03-24T16:50:06.416Z]  • non-static component /api/auth/ensure-user/route
[debug] [2026-03-24T16:50:06.416Z]  • non-static component /api/auth/lookup-domain/route
[debug] [2026-03-24T16:50:06.416Z]  • non-static component /api/ai/execute/route
[debug] [2026-03-24T16:50:06.416Z]  • non-static component /api/email/verify/route
[debug] [2026-03-24T16:50:06.416Z]  • non-static component /api/email/send/route
[debug] [2026-03-24T16:50:06.416Z]  • non-static component /api/email/send-verification/route
[debug] [2026-03-24T16:50:06.416Z]  • non-static component /api/projects/[projectId]/manager/route
[debug] [2026-03-24T16:50:06.416Z]  • non-static component /api/projects/[projectId]/members/[userId]/route
[debug] [2026-03-24T16:50:06.416Z]  • non-static component /api/projects/[projectId]/members/[userId]/weekly-hours/route
[debug] [2026-03-24T16:50:06.416Z]  • non-static component /api/projects/[projectId]/route
[debug] [2026-03-24T16:50:06.416Z]  • non-static component /api/projects/[projectId]/tags/route
[debug] [2026-03-24T16:50:06.417Z]  • non-static component /api/projects/[projectId]/members/route
[debug] [2026-03-24T16:50:06.417Z]  • non-static component /api/projects/[projectId]/weekly-hours/route
[debug] [2026-03-24T16:50:06.417Z]  • non-static component /api/projects/ado/route
[debug] [2026-03-24T16:50:06.417Z]  • non-static component /api/projects/[projectId]/webhook-config/route
[debug] [2026-03-24T16:50:06.417Z]  • non-static component /api/projects/tags/route
[debug] [2026-03-24T16:50:06.417Z]  • non-static component /api/projects/ado/[projectId]/route
[debug] [2026-03-24T16:50:06.417Z]  • non-static component /api/seed/states/route
[debug] [2026-03-24T16:50:06.417Z]  • non-static component /api/settings/ado/route
[debug] [2026-03-24T16:50:06.417Z]  • non-static component /api/settings/ai-agent/route
[debug] [2026-03-24T16:50:06.417Z]  • non-static component /api/settings/organization/route
[debug] [2026-03-24T16:50:06.417Z]  • non-static component /api/settings/route
[debug] [2026-03-24T16:50:06.417Z]  • non-static component /api/settings/ai-provider/route
[debug] [2026-03-24T16:50:06.417Z]  • non-static component /api/settings/verify-ado/route
[debug] [2026-03-24T16:50:06.417Z]  • non-static component /api/states/route
[debug] [2026-03-24T16:50:06.417Z]  • non-static component /api/settings/test-ai/route
[debug] [2026-03-24T16:50:06.417Z]  • non-static component /api/user/debug/route
[debug] [2026-03-24T16:50:06.417Z]  • non-static component /api/settings/saml/route
[debug] [2026-03-24T16:50:06.417Z]  • non-static component /api/user/direct-fix/route
[debug] [2026-03-24T16:50:06.417Z]  • non-static component /api/user/profile/route
[debug] [2026-03-24T16:50:06.417Z]  • non-static component /api/user/fix-missing-data/route
[debug] [2026-03-24T16:50:06.417Z]  • non-static component /api/user/theme/route
[debug] [2026-03-24T16:50:06.417Z]  • non-static component /api/ado/projects/[projectId]/repos/route
[debug] [2026-03-24T16:50:06.417Z]  • non-static component /api/ado/projects/[projectId]/teams/[teamId]/members/route
[debug] [2026-03-24T16:50:06.417Z]  • non-static component /api/ado/projects/route
[debug] [2026-03-24T16:50:06.417Z]  • non-static component /api/ado/comprehensive-sync/route
[debug] [2026-03-24T16:50:06.417Z]  • non-static component /api/projects/[projectId]/ai-jobs/route
[debug] [2026-03-24T16:50:06.417Z]  • non-static component /api/projects/[projectId]/ai-jobs/retry/route
[debug] [2026-03-24T16:50:06.417Z]  • non-static component /api/ado/projects/[projectId]/teams/route
[debug] [2026-03-24T16:50:06.417Z]  • non-static component /projects/[projectId]/settings/page
[debug] [2026-03-24T16:50:06.417Z]  • non-static component /projects/[projectId]/weekly-hours/page
[debug] [2026-03-24T16:50:06.417Z]  • non-static component /projects/[projectId]/page
[debug] [2026-03-24T16:50:06.418Z]  • route with server action /dashboard
[debug] [2026-03-24T16:50:06.418Z]  • route with server action /projects/[projectId]
[info]  • and 58 other reasons, use --debug to see more
[info] 
[debug] [2026-03-24T16:50:07.231Z] skipping /dashboard due to server action
[debug] [2026-03-24T16:50:07.232Z] skipping /sitemap.xml due to revalidate
[debug] [2026-03-24T16:50:07.232Z] skipping / due to revalidate
[debug] [2026-03-24T16:50:07.232Z] skipping /blog due to revalidate
[debug] [2026-03-24T16:50:07.232Z] skipping /blog/tag/ADO automation due to revalidate
[debug] [2026-03-24T16:50:07.232Z] skipping /blog/tag/AI-Driven Development due to revalidate
[debug] [2026-03-24T16:50:07.232Z] skipping /blog/tag/AI-driven sprint health tracking due to revalidate
[debug] [2026-03-24T16:50:07.232Z] skipping /blog/tag/AIOps due to revalidate
[debug] [2026-03-24T16:50:07.233Z] skipping /blog/tag/Azure DevOps AI Transformation due to revalidate
[debug] [2026-03-24T16:50:07.233Z] skipping /blog/tag/Azure DevOps REST API due to revalidate
[debug] [2026-03-24T16:50:07.233Z] skipping /blog/tag/Azure DevOps SDK due to revalidate
[debug] [2026-03-24T16:50:07.233Z] skipping /blog/tag/Azure DevOps administration due to revalidate
[debug] [2026-03-24T16:50:07.233Z] skipping /blog/tag/Azure DevOps roadmap automation due to revalidate
[debug] [2026-03-24T16:50:07.233Z] skipping /blog/tag/Azure Pipelines due to revalidate
[debug] [2026-03-24T16:50:07.233Z] skipping /blog/tag/DevOps Efficiency due to revalidate
[debug] [2026-03-24T16:50:07.233Z] skipping /blog/tag/DevOps engineering due to revalidate
[debug] [2026-03-24T16:50:07.233Z] skipping /blog/tag/DevOps operations due to revalidate
[debug] [2026-03-24T16:50:07.233Z] skipping /blog/tag/Platform Engineering due to revalidate
[debug] [2026-03-24T16:50:07.233Z] skipping /blog/tag/SRE practices due to revalidate
[debug] [2026-03-24T16:50:07.233Z] skipping /blog/tag/SRE reporting due to revalidate
[debug] [2026-03-24T16:50:07.233Z] skipping /blog/tag/Site Reliability Engineering due to revalidate
[debug] [2026-03-24T16:50:07.233Z] skipping /blog/tag/automate Azure DevOps status updates due to revalidate
[debug] [2026-03-24T16:50:07.233Z] skipping /blog/tag/developer velocity due to revalidate
[debug] [2026-03-24T16:50:07.233Z] skipping /blog/tag/engineering efficiency due to revalidate
[debug] [2026-03-24T16:50:07.233Z] skipping /blog/tag/event-driven architecture due to revalidate
[debug] [2026-03-24T16:50:07.233Z] skipping /blog/tag/headless AI due to revalidate
[debug] [2026-03-24T16:50:07.233Z] skipping /blog/tag/headless PPM architecture due to revalidate
[debug] [2026-03-24T16:50:07.233Z] skipping /blog/tag/infrastructure as code toolchain due to revalidate
[debug] [2026-03-24T16:50:07.233Z] skipping /blog/tag/internal developer portals due to revalidate
[debug] [2026-03-24T16:50:07.233Z] skipping /blog/tag/operations due to revalidate
[debug] [2026-03-24T16:50:07.233Z] skipping /blog/tag/platform engineering due to revalidate
[debug] [2026-03-24T16:50:07.233Z] skipping /blog/tag/reduce developer friction due to revalidate
[debug] [2026-03-24T16:50:07.233Z] skipping /blog/tag/webhook integration due to revalidate
[debug] [2026-03-24T16:50:07.233Z] skipping /blog/ai-driven-sprint-health-tracking-devops due to revalidate
[debug] [2026-03-24T16:50:07.233Z] skipping /blog/automate-azure-devops-status-updates due to revalidate
[debug] [2026-03-24T16:50:07.233Z] skipping /blog/azure-devops-ai-transformation due to revalidate
[debug] [2026-03-24T16:50:07.233Z] skipping /blog/azure-devops-roadmap-automation due to revalidate
[debug] [2026-03-24T16:50:07.233Z] skipping /blog/reduce-developer-friction-azure-devops due to revalidate
[debug] [2026-03-24T16:50:08.994Z] Checked if tokens are valid: true, expires at: 1774374541946
[debug] [2026-03-24T16:50:08.995Z] Checked if tokens are valid: true, expires at: 1774374541946
[debug] [2026-03-24T16:50:08.995Z] >>> [apiv2][query] GET https://firebasehosting.googleapis.com/v1beta1/projects/echoops-65d4b/sites/echoops-65d4b [none]
[debug] [2026-03-24T16:50:10.047Z] <<< [apiv2][status] GET https://firebasehosting.googleapis.com/v1beta1/projects/echoops-65d4b/sites/echoops-65d4b 200
[debug] [2026-03-24T16:50:10.047Z] <<< [apiv2][body] GET https://firebasehosting.googleapis.com/v1beta1/projects/echoops-65d4b/sites/echoops-65d4b {"name":"projects/echoops-65d4b/sites/echoops-65d4b","defaultUrl":"https://echoops-65d4b.web.app","type":"DEFAULT_SITE"}
[debug] [2026-03-24T16:50:27.571Z] [web frameworks] effective firebase.json:  {
  "hosting": [
    {
      "source": ".",
      "ignore": [
        "firebase.json",
        "**/.*",
        "**/node_modules/**"
      ],
      "frameworksBackend": {
        "region": "europe-west1"
      },
      "site": "echoops-65d4b",
      "rewrites": [
        {
          "source": "**",
          "function": {
            "functionId": "ssrechoops65d4b",
            "region": "europe-west1",
            "pinTag": true
          }
        }
      ],
      "redirects": [],
      "headers": [
        {
          "source": "/robots.txt",
          "headers": [
            {
              "key": "cache-control",
              "value": "public, max-age=0, must-revalidate"
            },
            {
              "key": "content-type",
              "value": "text/plain"
            },
            {
              "key": "x-next-cache-tags",
              "value": "_N_T_/layout,_N_T_/robots.txt/layout,_N_T_/robots.txt/route,_N_T_/robots.txt"
            }
          ]
        },
        {
          "source": "/auth/signout",
          "headers": [
            {
              "key": "x-nextjs-stale-time",
              "value": "300"
            },
            {
              "key": "x-nextjs-prerender",
              "value": "1"
            },
            {
              "key": "x-next-cache-tags",
              "value": "_N_T_/layout,_N_T_/auth/layout,_N_T_/auth/signout/layout,_N_T_/auth/signout/page,_N_T_/auth/signout"
            }
          ]
        },
        {
          "source": "/auth/error",
          "headers": [
            {
              "key": "x-nextjs-stale-time",
              "value": "300"
            },
            {
              "key": "x-nextjs-prerender",
              "value": "1"
            },
            {
              "key": "x-next-cache-tags",
              "value": "_N_T_/layout,_N_T_/auth/layout,_N_T_/auth/error/layout,_N_T_/auth/error/page,_N_T_/auth/error"
            }
          ]
        },
        {
          "source": "/auth/verify-email",
          "headers": [
            {
              "key": "x-nextjs-stale-time",
              "value": "300"
            },
            {
              "key": "x-nextjs-prerender",
              "value": "1"
            },
            {
              "key": "x-next-cache-tags",
              "value": "_N_T_/layout,_N_T_/auth/layout,_N_T_/auth/verify-email/layout,_N_T_/auth/verify-email/page,_N_T_/auth/verify-email"
            }
          ]
        },
        {
          "source": "/auth/signin",
          "headers": [
            {
              "key": "x-nextjs-stale-time",
              "value": "300"
            },
            {
              "key": "x-nextjs-prerender",
              "value": "1"
            },
            {
              "key": "x-next-cache-tags",
              "value": "_N_T_/layout,_N_T_/auth/layout,_N_T_/auth/signin/layout,_N_T_/auth/signin/page,_N_T_/auth/signin"
            }
          ]
        },
        {
          "source": "/auth/signup",
          "headers": [
            {
              "key": "x-nextjs-stale-time",
              "value": "300"
            },
            {
              "key": "x-nextjs-prerender",
              "value": "1"
            },
            {
              "key": "x-next-cache-tags",
              "value": "_N_T_/layout,_N_T_/auth/layout,_N_T_/auth/signup/layout,_N_T_/auth/signup/page,_N_T_/auth/signup"
            }
          ]
        },
        {
          "source": "/settings",
          "headers": [
            {
              "key": "x-nextjs-stale-time",
              "value": "300"
            },
            {
              "key": "x-nextjs-prerender",
              "value": "1"
            },
            {
              "key": "x-next-cache-tags",
              "value": "_N_T_/layout,_N_T_/settings/layout,_N_T_/settings/page,_N_T_/settings"
            }
          ]
        },
        {
          "source": "/dashboard",
          "headers": [
            {
              "key": "x-nextjs-stale-time",
              "value": "300"
            },
            {
              "key": "x-nextjs-prerender",
              "value": "1"
            },
            {
              "key": "x-next-cache-tags",
              "value": "_N_T_/layout,_N_T_/dashboard/layout,_N_T_/dashboard/page,_N_T_/dashboard"
            }
          ]
        },
        {
          "source": "/sitemap.xml",
          "headers": [
            {
              "key": "cache-control",
              "value": "public, max-age=0, must-revalidate"
            },
            {
              "key": "content-type",
              "value": "application/xml"
            },
            {
              "key": "x-next-cache-tags",
              "value": "_N_T_/layout,_N_T_/sitemap.xml/layout,_N_T_/sitemap.xml/route,_N_T_/sitemap.xml"
            }
          ]
        },
        {
          "source": "/test-email",
          "headers": [
            {
              "key": "x-nextjs-stale-time",
              "value": "300"
            },
            {
              "key": "x-nextjs-prerender",
              "value": "1"
            },
            {
              "key": "x-next-cache-tags",
              "value": "_N_T_/layout,_N_T_/test-email/layout,_N_T_/test-email/page,_N_T_/test-email"
            }
          ]
        },
        {
          "source": "/projects/azure",
          "headers": [
            {
              "key": "x-nextjs-stale-time",
              "value": "300"
            },
            {
              "key": "x-nextjs-prerender",
              "value": "1"
            },
            {
              "key": "x-next-cache-tags",
              "value": "_N_T_/layout,_N_T_/projects/layout,_N_T_/projects/azure/layout,_N_T_/projects/azure/page,_N_T_/projects/azure"
            }
          ]
        },
        {
          "source": "/_not-found",
          "headers": [
            {
              "key": "x-nextjs-stale-time",
              "value": "300"
            },
            {
              "key": "x-nextjs-prerender",
              "value": "1"
            },
            {
              "key": "x-next-cache-tags",
              "value": "_N_T_/layout,_N_T_/_not-found/layout,_N_T_/_not-found/page,_N_T_/_not-found"
            }
          ]
        },
        {
          "source": "/about",
          "headers": [
            {
              "key": "x-nextjs-stale-time",
              "value": "300"
            },
            {
              "key": "x-nextjs-prerender",
              "value": "1"
            },
            {
              "key": "x-next-cache-tags",
              "value": "_N_T_/layout,_N_T_/about/layout,_N_T_/about/page,_N_T_/about"
            }
          ]
        },
        {
          "source": "/blog",
          "headers": [
            {
              "key": "x-nextjs-stale-time",
              "value": "300"
            },
            {
              "key": "x-nextjs-prerender",
              "value": "1"
            },
            {
              "key": "x-next-cache-tags",
              "value": "_N_T_/layout,_N_T_/blog/layout,_N_T_/blog/page,_N_T_/blog"
            }
          ]
        },
        {
          "source": "/terms",
          "headers": [
            {
              "key": "x-nextjs-stale-time",
              "value": "300"
            },
            {
              "key": "x-nextjs-prerender",
              "value": "1"
            },
            {
              "key": "x-next-cache-tags",
              "value": "_N_T_/layout,_N_T_/terms/layout,_N_T_/terms/page,_N_T_/terms"
            }
          ]
        },
        {
          "source": "/how-to",
          "headers": [
            {
              "key": "x-nextjs-stale-time",
              "value": "300"
            },
            {
              "key": "x-nextjs-prerender",
              "value": "1"
            },
            {
              "key": "x-next-cache-tags",
              "value": "_N_T_/layout,_N_T_/how-to/layout,_N_T_/how-to/page,_N_T_/how-to"
            }
          ]
        },
        {
          "source": "/privacy",
          "headers": [
            {
              "key": "x-nextjs-stale-time",
              "value": "300"
            },
            {
              "key": "x-nextjs-prerender",
              "value": "1"
            },
            {
              "key": "x-next-cache-tags",
              "value": "_N_T_/layout,_N_T_/privacy/layout,_N_T_/privacy/page,_N_T_/privacy"
            }
          ]
        },
        {
          "source": "**/*.[jt]s",
          "headers": [
            {
              "key": "Set-Cookie",
              "value": "__FIREBASE_DEFAULTS__=eyJjb25maWciOnsicHJvamVjdElkIjoiZWNob29wcy02NWQ0YiIsInN0b3JhZ2VCdWNrZXQiOiJlY2hvb3BzLTY1ZDRiLmZpcmViYXNlc3RvcmFnZS5hcHAiLCJhcGlLZXkiOiJBSXphU3lCM1cwRzVWVnhHMVpvemJxZHIybzV6Z2FZT19uSGtnSk0iLCJhdXRoRG9tYWluIjoiZWNob29wcy02NWQ0Yi5maXJlYmFzZWFwcC5jb20iLCJtZXNzYWdpbmdTZW5kZXJJZCI6IjgzMTU1MTcyODc1IiwicHJvamVjdE51bWJlciI6IjgzMTU1MTcyODc1IiwidmVyc2lvbiI6IjIifSwiX2F1dGhUb2tlblN5bmNVUkwiOiIvX19zZXNzaW9uIn0; SameSite=Strict; Expires=2028-02-17T03:30:27.571Z; Path=/;"
            }
          ]
        }
      ],
      "cleanUrls": true,
      "trailingSlash": false,
      "public": ".firebase/echoops-65d4b/hosting",
      "webFramework": "next_ssr"
    }
  ],
  "functions": [
    {
      "source": ".firebase/echoops-65d4b/functions",
      "codebase": "firebase-frameworks-echoops-65d4b"
    }
  ]
}
[debug] [2026-03-24T16:50:27.573Z] > command requires scopes: ["email","openid","https://www.googleapis.com/auth/cloudplatformprojects.readonly","https://www.googleapis.com/auth/firebase","https://www.googleapis.com/auth/cloud-platform"]
[debug] [2026-03-24T16:50:27.573Z] > authorizing via signed-in user (horsensmlt@gmail.com)
[debug] [2026-03-24T16:50:27.573Z] [iam] checking project echoops-65d4b for permissions ["cloudfunctions.functions.create","cloudfunctions.functions.delete","cloudfunctions.functions.get","cloudfunctions.functions.list","cloudfunctions.functions.update","cloudfunctions.operations.get","firebase.projects.get"]
[debug] [2026-03-24T16:50:27.574Z] Checked if tokens are valid: true, expires at: 1774374541946
[debug] [2026-03-24T16:50:27.574Z] Checked if tokens are valid: true, expires at: 1774374541946
[debug] [2026-03-24T16:50:27.575Z] >>> [apiv2][query] POST https://cloudresourcemanager.googleapis.com/v1/projects/echoops-65d4b:testIamPermissions [none]
[debug] [2026-03-24T16:50:27.575Z] >>> [apiv2][(partial)header] POST https://cloudresourcemanager.googleapis.com/v1/projects/echoops-65d4b:testIamPermissions  x-goog-user-project=echoops-65d4b
[debug] [2026-03-24T16:50:27.575Z] >>> [apiv2][body] POST https://cloudresourcemanager.googleapis.com/v1/projects/echoops-65d4b:testIamPermissions {"permissions":["cloudfunctions.functions.create","cloudfunctions.functions.delete","cloudfunctions.functions.get","cloudfunctions.functions.list","cloudfunctions.functions.update","cloudfunctions.operations.get","firebase.projects.get"]}
[debug] [2026-03-24T16:50:28.471Z] <<< [apiv2][status] POST https://cloudresourcemanager.googleapis.com/v1/projects/echoops-65d4b:testIamPermissions 200
[debug] [2026-03-24T16:50:28.472Z] <<< [apiv2][body] POST https://cloudresourcemanager.googleapis.com/v1/projects/echoops-65d4b:testIamPermissions {"permissions":["cloudfunctions.functions.create","cloudfunctions.functions.delete","cloudfunctions.functions.get","cloudfunctions.functions.list","cloudfunctions.functions.update","cloudfunctions.operations.get","firebase.projects.get"]}
[info] 
[info] === Deploying to 'echoops-65d4b'...
[info] 
[info] i  deploying functions, hosting 
[debug] [2026-03-24T16:50:28.485Z] Checked if tokens are valid: true, expires at: 1774374541946
[debug] [2026-03-24T16:50:28.485Z] Checked if tokens are valid: true, expires at: 1774374541946
[debug] [2026-03-24T16:50:28.485Z] >>> [apiv2][query] GET https://cloudresourcemanager.googleapis.com/v1/projects/echoops-65d4b [none]
[debug] [2026-03-24T16:50:28.704Z] <<< [apiv2][status] GET https://cloudresourcemanager.googleapis.com/v1/projects/echoops-65d4b 200
[debug] [2026-03-24T16:50:28.704Z] <<< [apiv2][body] GET https://cloudresourcemanager.googleapis.com/v1/projects/echoops-65d4b {"projectNumber":"83155172875","projectId":"echoops-65d4b","lifecycleState":"ACTIVE","name":"echoops","labels":{"firebase":"enabled","firebase-core":"disabled"},"createTime":"2026-03-09T10:35:38.365231Z"}
[info] i  functions: preparing codebase firebase-frameworks-echoops-65d4b for deployment 
[info] i  functions: ensuring required API cloudfunctions.googleapis.com is enabled... 
[info] i  functions: ensuring required API cloudbuild.googleapis.com is enabled... 
[info] i  artifactregistry: ensuring required API artifactregistry.googleapis.com is enabled... 
[debug] [2026-03-24T16:50:28.706Z] Checked if tokens are valid: true, expires at: 1774374541946
[debug] [2026-03-24T16:50:28.706Z] Checked if tokens are valid: true, expires at: 1774374541946
[debug] [2026-03-24T16:50:28.706Z] >>> [apiv2][query] GET https://firebase.googleapis.com/v1beta1/projects/echoops-65d4b/adminSdkConfig [none]
[debug] [2026-03-24T16:50:29.383Z] <<< [apiv2][status] GET https://firebase.googleapis.com/v1beta1/projects/echoops-65d4b/adminSdkConfig 200
[debug] [2026-03-24T16:50:29.383Z] <<< [apiv2][body] GET https://firebase.googleapis.com/v1beta1/projects/echoops-65d4b/adminSdkConfig {"projectId":"echoops-65d4b","storageBucket":"echoops-65d4b.firebasestorage.app"}
[debug] [2026-03-24T16:50:29.384Z] Checked if tokens are valid: true, expires at: 1774374541946
[debug] [2026-03-24T16:50:29.384Z] Checked if tokens are valid: true, expires at: 1774374541946
[debug] [2026-03-24T16:50:29.384Z] >>> [apiv2][query] GET https://runtimeconfig.googleapis.com/v1beta1/projects/echoops-65d4b/configs [none]
[debug] [2026-03-24T16:50:30.394Z] <<< [apiv2][status] GET https://runtimeconfig.googleapis.com/v1beta1/projects/echoops-65d4b/configs 200
[debug] [2026-03-24T16:50:30.394Z] <<< [apiv2][body] GET https://runtimeconfig.googleapis.com/v1beta1/projects/echoops-65d4b/configs {}
[debug] [2026-03-24T16:50:30.396Z] Validating nodejs source
[warn] ⚠  functions: Runtime Node.js 20 will be deprecated on 2026-04-30 and will be decommissioned on 2026-10-30, after which you will not be able to deploy without upgrading. Consider upgrading now to avoid disruption. See https://cloud.google.com/functions/docs/runtime-support for full details on the lifecycle policy 
[warn] ⚠  functions: package.json indicates an outdated version of firebase-functions. Please upgrade using npm install --save firebase-functions@latest in your functions directory. 
[warn] ⚠  functions: Please note that there will be breaking changes when you upgrade. 
[debug] [2026-03-24T16:50:30.930Z] > [functions] package.json contents: {
  "name": "echoops",
  "version": "1.0.0",
  "description": "Next.js + NextAuth + Prisma Starter",
  "keywords": [],
  "author": "",
  "license": "ISC",
  "dependencies": {
    "@anthropic-ai/sdk": "^0.40.1",
    "@google-cloud/secret-manager": "^6.1.1",
    "@google/generative-ai": "^0.24.0",
    "@heroicons/react": "^2.2.0",
    "@radix-ui/react-label": "^2.1.6",
    "@radix-ui/react-slot": "^1.2.2",
    "@radix-ui/react-switch": "^1.2.4",
    "@radix-ui/react-tabs": "^1.1.11",
    "axios": "^1.9.0",
    "buffer": "^6.0.3",
    "class-variance-authority": "^0.7.1",
    "clsx": "^2.1.1",
    "date-fns": "^4.1.0",
    "dotenv": "^16.5.0",
    "express": "^5.1.0",
    "firebase": "^12.10.0",
    "firebase-admin": "^13.7.0",
    "lucide-react": "^0.509.0",
    "next": "^15.3.6",
    "node-fetch": "^3.3.2",
    "openai": "^4.96.0",
    "react": "^19.1.0",
    "react-dom": "^19.1.0",
    "recharts": "^2.15.3",
    "sonner": "^2.0.3",
    "tailwind-merge": "^3.2.0",
    "tailwindcss-animate": "^1.0.7",
    "ts-node": "^10.9.2",
    "sharp": "^0.32 || ^0.33",
    "firebase-frameworks": "^0.11.0",
    "firebase-functions": "^6.0.1"
  },
  "main": "server.js",
  "engines": {
    "node": "20"
  }
}
[debug] [2026-03-24T16:50:30.930Z] Building nodejs source
[info] i  functions: Loading and analyzing source code for codebase firebase-frameworks-echoops-65d4b to determine what to deploy 
[debug] [2026-03-24T16:50:30.931Z] Could not find functions.yaml. Must use http discovery
[debug] [2026-03-24T16:50:30.937Z] Found firebase-functions binary at '/root/projects/echoops/.firebase/echoops-65d4b/functions/node_modules/.bin/firebase-functions'
[info] Serving at port 8464

[debug] [2026-03-24T16:50:31.449Z] Got response from /__/functions.yaml {"endpoints":{"ssrechoops65d4b":{"availableMemoryMb":null,"timeoutSeconds":null,"minInstances":null,"maxInstances":null,"ingressSettings":null,"concurrency":null,"serviceAccountEmail":null,"vpc":null,"platform":"gcfv2","region":["europe-west1"],"labels":{},"httpsTrigger":{},"entryPoint":"ssrechoops65d4b"}},"specVersion":"v1alpha1","requiredAPIs":[],"extensions":{}}
[info] i  extensions: ensuring required API firebaseextensions.googleapis.com is enabled... 
[debug] [2026-03-24T16:50:35.497Z] > command requires scopes: ["email","openid","https://www.googleapis.com/auth/cloudplatformprojects.readonly","https://www.googleapis.com/auth/firebase","https://www.googleapis.com/auth/cloud-platform"]
[debug] [2026-03-24T16:50:35.497Z] > authorizing via signed-in user (horsensmlt@gmail.com)
[debug] [2026-03-24T16:50:35.497Z] [iam] checking project echoops-65d4b for permissions ["firebase.projects.get","firebaseextensions.instances.list"]
[debug] [2026-03-24T16:50:35.497Z] Checked if tokens are valid: true, expires at: 1774374541946
[debug] [2026-03-24T16:50:35.498Z] Checked if tokens are valid: true, expires at: 1774374541946
[debug] [2026-03-24T16:50:35.498Z] >>> [apiv2][query] POST https://cloudresourcemanager.googleapis.com/v1/projects/echoops-65d4b:testIamPermissions [none]
[debug] [2026-03-24T16:50:35.498Z] >>> [apiv2][(partial)header] POST https://cloudresourcemanager.googleapis.com/v1/projects/echoops-65d4b:testIamPermissions  x-goog-user-project=echoops-65d4b
[debug] [2026-03-24T16:50:35.498Z] >>> [apiv2][body] POST https://cloudresourcemanager.googleapis.com/v1/projects/echoops-65d4b:testIamPermissions {"permissions":["firebase.projects.get","firebaseextensions.instances.list"]}
[debug] [2026-03-24T16:50:35.807Z] <<< [apiv2][status] POST https://cloudresourcemanager.googleapis.com/v1/projects/echoops-65d4b:testIamPermissions 200
[debug] [2026-03-24T16:50:35.807Z] <<< [apiv2][body] POST https://cloudresourcemanager.googleapis.com/v1/projects/echoops-65d4b:testIamPermissions {"permissions":["firebase.projects.get","firebaseextensions.instances.list"]}
[debug] [2026-03-24T16:50:35.807Z] Checked if tokens are valid: true, expires at: 1774374541946
[debug] [2026-03-24T16:50:35.807Z] Checked if tokens are valid: true, expires at: 1774374541946
[debug] [2026-03-24T16:50:35.808Z] >>> [apiv2][query] GET https://firebaseextensions.googleapis.com/v1beta/projects/echoops-65d4b/instances pageSize=100&pageToken=
[debug] [2026-03-24T16:50:36.835Z] <<< [apiv2][status] GET https://firebaseextensions.googleapis.com/v1beta/projects/echoops-65d4b/instances 200
[debug] [2026-03-24T16:50:36.835Z] <<< [apiv2][body] GET https://firebaseextensions.googleapis.com/v1beta/projects/echoops-65d4b/instances {"instances":[{"name":"projects/echoops-65d4b/instances/mailersend-email","createTime":"2026-03-10T05:10:01.990028Z","updateTime":"2026-03-10T05:13:51.644875Z","state":"ACTIVE","config":{"name":"projects/echoops-65d4b/instances/mailersend-email/configurations/b50a36ff-80d2-49ae-b6b5-75d26509988d","createTime":"2026-03-10T05:10:01.990028Z","source":{"name":"projects/mailersend-214215/sources/86b28164-91d0-4b30-9075-1f6e0b255193","packageUri":"https://storage.googleapis.com/firebase-extensions-packages-prod/mailersend-mailersend-email-0.2.1-982cd1f6-778b-4623-8add-6913a1b55ab6.zip","hash":"4262ad15d8c27ae74616dd4359e8969e1a2429c2a499a59903cdd86734f137cd","extensionRoot":"/","spec":{"specVersion":"v1beta","name":"mailersend-email","version":"0.2.1","description":"Send transactional emails using MailerSend.","roles":[{"role":"datastore.user","reason":"Required to update emails in collection that have failed to send"}],"resources":[{"name":"processDocumentCreated","type":"firebaseextensions.v1beta.v2function","propertiesYaml":"buildConfig:\n  runtime: nodejs22\neventTrigger:\n  eventFilters:\n  - attribute: database\n    value: (default)\n  - attribute: document\n    operator: match-path-pattern\n    value: ${EMAIL_COLLECTION}/{documentId}\n  eventType: google.cloud.firestore.document.v1.created\n  triggerRegion: ${DATABASE_LOCATION}\nlocation: ${LOCATION}\n","description":"Processes created document in Cloud Firestore collection, sends an email and updates status information.","deletionPolicy":"DELETE"}],"billingRequired":true,"author":{"authorName":"MailerSend","url":"https://www.mailersend.com"},"contributors":[{"authorName":"Ramunas Pabreza","email":"ramunas@mailerlite.com"},{"authorName":"Tautvydas Tijunaitis","email":"tautvydas@mailerlite.com"}],"license":"Apache-2.0","releaseNotesUrl":"https://github.com/mailersend/mailersend-firebase/CHANGELOG.md","sourceUrl":"https://github.com/mailersend/mailersend-firebase","params":[{"param":"LOCATION","label":"Cloud Functions location","type":"SELECT","description":"Where do you want to deploy the functions created for this extension? For help selecting a location, refer to the [location selection guide](https://firebase.google.com/docs/functions/locations).","required":true,"options":[{"value":"us-central1","label":"Iowa (us-central1)"},{"value":"us-east1","label":"South Carolina (us-east1)"},{"value":"us-east4","label":"Northern Virginia (us-east4)"},{"value":"us-west2","label":"Los Angeles (us-west2)"},{"value":"us-west3","label":"Salt Lake City (us-west3)"},{"value":"us-west4","label":"Las Vegas (us-west4)"},{"value":"europe-central2","label":"Warsaw (europe-central2)"},{"value":"europe-west1","label":"Belgium (europe-west1)"},{"value":"europe-west2","label":"London (europe-west2)"},{"value":"europe-west3","label":"Frankfurt (europe-west3)"},{"value":"europe-west6","label":"Zurich (europe-west6)"},{"value":"asia-east2","label":"Hong Kong (asia-east2)"},{"value":"asia-northeast1","label":"Tokyo (asia-northeast1)"},{"value":"asia-northeast2","label":"Osaka (asia-northeast2)"},{"value":"asia-northeast3","label":"Seoul (asia-northeast3)"},{"value":"asia-south1","label":"Mumbai (asia-south1)"},{"value":"asia-southeast2","label":"Jakarta (asia-southeast2)"},{"value":"northamerica-northeast1","label":"Montreal (northamerica-northeast1)"},{"value":"southamerica-east1","label":"Sao Paulo (southamerica-east1)"},{"value":"australia-southeast1","label":"Sydney (australia-southeast1)"}],"immutable":true},{"param":"DATABASE_LOCATION","label":"Firestore Database Location","type":"SELECT","description":"The location of your Firestore database.  For standard databases, this is usually the same as your Cloud Functions location (e.g. us-central1). For multi-region databases, this might be 'nam5' or 'eur3'.","required":true,"options":[{"value":"us-central1","label":"Iowa (us-central1)"},{"value":"us-east1","label":"South Carolina (us-east1)"},{"value":"us-east4","label":"Northern Virginia (us-east4)"},{"value":"us-west2","label":"Los Angeles (us-west2)"},{"value":"us-west3","label":"Salt Lake City (us-west3)"},{"value":"us-west4","label":"Las Vegas (us-west4)"},{"value":"europe-central2","label":"Warsaw (europe-central2)"},{"value":"europe-west1","label":"Belgium (europe-west1)"},{"value":"europe-west2","label":"London (europe-west2)"},{"value":"europe-west3","label":"Frankfurt (europe-west3)"},{"value":"europe-west6","label":"Zurich (europe-west6)"},{"value":"asia-east2","label":"Hong Kong (asia-east2)"},{"value":"asia-northeast1","label":"Tokyo (asia-northeast1)"},{"value":"asia-northeast2","label":"Osaka (asia-northeast2)"},{"value":"asia-northeast3","label":"Seoul (asia-northeast3)"},{"value":"asia-south1","label":"Mumbai (asia-south1)"},{"value":"asia-southeast2","label":"Jakarta (asia-southeast2)"},{"value":"northamerica-northeast1","label":"Montreal (northamerica-northeast1)"},{"value":"southamerica-east1","label":"Sao Paulo (southamerica-east1)"},{"value":"australia-southeast1","label":"Sydney (australia-southeast1)"},{"value":"nam5","label":"North America (nam5)"},{"value":"eur3","label":"Europe (eur3)"}],"default":"us-central1","immutable":true},{"param":"EMAIL_COLLECTION","label":"Emails documents collection","type":"STRING","description":"What is the path to the collection that contains the documents used to build and send the email?","required":true,"default":"emails","validationRegex":"^[^/]+(/[^/]+/[^/]+)*$","validationErrorMessage":"Must be a valid Cloud Firestore collection."},{"param":"MAILERSEND_API_KEY","label":"MailerSend API key","type":"SECRET","description":"API tokens are used for authentication when sending emails. You can find more details how to create MailerSend API token [here](https://www.mailersend.com/help/managing-api-tokens).","required":true,"example":"eyJ*******************************"},{"param":"DEFAULT_FROM_EMAIL","label":"Default FROM email address","type":"STRING","description":"The email address to use as the sender's address (if it's not specified in the added email document or template).","example":"email@example.com","validationRegex":"^[a-zA-Z0-9.!#$%&'*+\\/=?^_`{|}~-]+@[a-zA-Z0-9-.]+.[a-zA-Z0-9-]+$","validationErrorMessage":"Must be a valid email address or valid name plus email address"},{"param":"DEFAULT_FROM_NAME","label":"Default FROM name","type":"STRING","description":"The name to use as the sender's name.","example":"John doe"},{"param":"DEFAULT_REPLY_TO_EMAIL","label":"Default reply to email address","type":"STRING","description":"The email address to use as the reply to address (if it's not specified in the added email document or template).","example":"email@example.com","validationRegex":"^[a-zA-Z0-9.!#$%&'*+\\/=?^_`{|}~-]+@[a-zA-Z0-9-.]+.[a-zA-Z0-9-]+$","validationErrorMessage":"Must be a valid email address or valid name plus email address"},{"param":"DEFAULT_REPLY_TO_NAME","label":"Default reply to name","type":"STRING","description":"The name to use as the reply to name.","example":"John doe"},{"param":"DEFAULT_TEMPLATE_ID","label":"Default template ID","type":"STRING","description":"The default template id to use for emails (it will be used if not specified in the added email document).","example":"o65qngk2vn3gwr12"}],"preinstallContent":"## 💪 How it works\n\nAfter its installation, this extension monitors all document writes to the `EMAIL_COLLECTION` collection. Email is sent based on the contents of the document's fields. The document's fields specify an email data.\n\n### Send an email\n<details>\n<summary>Here's a basic example document write that would trigger this extension</summary>\n\n```js\nadmin.firestore().collection('emails').add({\n  to: [\n    {\n      email: 'recipient@example.com',\n      name: 'Recipient name'\n    }\n  ],\n  from: {\n    email: 'from@example.com',\n    name: 'From name'\n  },\n  cc: [\n    {\n      email: 'cc.recipient@example.com',\n      name: 'CC recipient name'\n    }\n  ],\n  bcc: [\n    {\n      email: 'bcc.recipient@example.com',\n      name: 'Bcc recipient name'\n    }\n  ],\n  subject: 'Hello from Firebase!',\n  html: 'This is an <code>HTML</code> email body.',\n  text: 'This is an TEXT email body.',\n  template_id: 'abc123ced',\n    variables: [\n      {\n        email: 'recipient@example.com',\n        substitutions: [\n          {\n            var: 'variable_name',\n            value: 'variable value'\n          }\n        ]\n      }\n    ],\n    personalization: [\n      {\n        email: 'recipient@example.com',\n        data: {\n          personalization_name: 'personalization value'\n        }\n      }\n    ],\n    tags: ['tag1', 'tag2'],\n    reply_to: {\n      email: 'reply_to@example.com',\n        name: 'Reply to name'\n    },\n    send_at: '123465789'\n})\n```\n\n</details>\n\n### Additional setup\n\nBefore installing this extension, set up the following Firebase service in your Firebase project:\n\n- [Cloud Firestore](https://firebase.google.com/docs/firestore/quickstart) collection in your Firebase project.\n\nThen, in the MailerSend dashboard:\n\n- Add a [domain](https://app.mailersend.com/domains) and verify it editing your DNS records.\n- Create a new [API token](https://app.mailersend.com/api-tokens) with full access.\n\n\n\n### Collection fields\n\n<details>\n<summary>Find all the JSON field parameters you can add to your API call, provided in dot notation </summary>\n\n\n| JSON field parameter                | Type       | Required | Limitations                                                       | Details                                                                                                                                                                                                       |\n|-------------------------------------|------------|----------|-------------------------------------------------------------------|---------------------------------------------------------------------------------------------------------------------------------------------------------------------------------------------------------------|\n| `from`                              | `object`   | yes *    |                                                                   | Not required if set in extension config or `template_id` is present and template has default sender set.                                                                                                      |\n| `from.email`                        | `string`   | yes *    | Must be a verified domain or subdomain. | Not required if set in extension config or `template_id` is present and template has default sender set.                                                                                                      |\n| `from.name`                         | `string`   | no       |                                                                   | `from.email` will be used if not provided or, if set in extension config or `template_id` is present with default values, the default subject from that will be used.                                         |\n| `to`                                | `object[]` | yes      | Min `1`, max `50`                                                 |                                                                                                                                                                                                               |\n| `to.*.email`                        | `string`   | yes      |                                                                   |                                                                                                                                                                                                               |\n| `to.*.name`                         | `string`   | no       |                                                                   | The name of the recipient. May not contain `;` or `,`.                                                                                                                                                        |\n| `cc`                                | `object[]` | no       | Max 10                                                            |                                                                                                                                                                                                               |\n| `cc.*.email`                        | `string`   | yes      |                                                                   |                                                                                                                                                                                                               |\n| `cc.*.name`                         | `string`   | no       |                                                                   | The name of the CC recipient. May not contain `;` or `,`.                                                                                                                                                     |\n| `bcc`                               | `object[]` | no       | Max 10                                                            |                                                                                                                                                                                                               |\n| `bcc.*.email`                       | `string`   | yes      |                                                                   |                                                                                                                                                                                                               |\n| `bcc.*.name`                        | `string`   | no       |                                                                   | The name of the BCC recipient. May not contain `;` or `,`.                                                                                                                                                    |\n| `reply_to`                          | `object`   | no       |                                                                   |                                                                                                                                                                                                               |\n| `reply_to.email`                    | `string`   | no       |                                                                   | Can be set in extension config                                                                                                                                                                                |\n| `reply_to.name`                     | `string`   | no       |                                                                   | Can be set in extension config                                                                                                                                                                                |\n| `subject`                           | `string`   | yes *    |                                                                   | Not required if `template_id` is present and template has default subject set.                                                                                                                                |\n| `text`                              | `string`   | yes *    | Max size of 2 MB.                                                 | Email represented in a text (`text/plain`) format. * Only required if there's no `html` or `template_id` present.                                                                                             |\n| `html`                              | `string`   | yes *    | Max size of 2 MB.                                                 | Email represented in HTML (`text/html`) format. * Only required if there's no `text` or `template_id` present.                                                                                                |\n| `template_id`                       | `string`   | yes *    |                                                                   | * Only required if there's no `text` or `html` present.                                                                                                                                                       |\n| `tags`                              | `string[]` | no       |                                                                   | Limit is max 5 tags.                                                                                                                                                                                          |\n| `variables`                         | `object[]` | no       |                                                                   | These will be replaced in the email content using `{$var}` format. Can be used in the `subject`, `html`, `text` fields.                                                                                       |\n| `variables.*.email`                 | `string`   | yes      |                                                                   | Email address that substitutions will be applied to. Read more about [simple personalization](features.html#simple-personalization).                                                                          |\n| `variables.*.substitutions`         | `object[]` | yes      |                                                                   |                                                                                                                                                                                                               |\n| `variables.*.substitutions.*.var`   | `string`   | yes      |                                                                   | Name of the variable, will replace `{$var}` in the `subject`, `html`, `text` fields.                                                                                                                          |\n| `variables.*.substitutions.*.value` | `string`   | yes      |                                                                   | Value to be replaced, based on the `variables.*.substitutions.*.var`  name.                                                                                                                                   |\n| `personalization`                   | `object[]` | no       |                                                                   | Allows using personalization in <code v-pre>{{ var }}</code> syntax. Can be used in the `subject`, `html`, `text` fields. Read more about [advanced personalization](features.html#advanced-personalization). |\n| `personalization.*.email`           | `string`   | yes      |                                                                   | Email address that personalization will be applied to.                                                                                                                                                        |\n| `personalization.*.data`            | `object[]` | yes      |                                                                   | Object with `key: value` pairs. Values will be added to your template using <code v-pre>{{ key }}</code> syntax.                                                                                              |\n| `send_at`                           | `integer`  | no       | min: `now`, max: `now + 72hours`                                  | Has to be a [Unix timestamp](https://www.unixtimestamp.com/). **Please note that this timestamp is a minimal guarantee and that the email could be delayed due to server load.**                             |\n\n</details>\n\n### Email results\n\nAfter email sending is triggered this extension fills results into the `delivery` field.\n\n| Field      | Description                                    |\n|------------|------------------------------------------------|\n| error      | Validation error, or error from the server     |\n| message_id | Message ID in MailerSend system                |\n| state      | State of an email sending: `ERROR`, `SUCCESS`  |\n\n\n<!-- We recommend keeping the following section to explain how billing for Firebase Extensions works -->\n## 💳 Billing\n\nThis extension uses other Firebase or Google Cloud Platform services which may have associated charges:\n\n<!-- List all products the extension interacts with -->\n- Cloud Functions\n\nWhen you use Firebase Extensions, you're only charged for the underlying resources that you use. A paid-tier billing plan is only required if the extension uses a service that requires a paid-tier plan, for example calling to a Google Cloud Platform API or making outbound network requests to non-Google services. All Firebase services offer a free tier of usage. [Learn more about Firebase billing.](https://firebase.google.com/pricing)\n\nThis extension also uses the following third-party services:\n\n- MailerSend ([pricing information](https://mailersend.com/pricing))\n\nYou are responsible for any costs associated with your use of these services.\n\n","postinstallContent":"<!-- \nThis file provides your users an overview of how to use your extension after they've installed it. All content is optional, but this is the recommended format. Your users will see the contents of this file in the Firebase console after they install the extension.\n\nInclude instructions for using the extension and any important functional details. Also include **detailed descriptions** for any additional post-installation setup required by the user.\n\nReference values for the extension instance using the ${param:PARAMETER_NAME} or ${function:VARIABLE_NAME} syntax.\nLearn more in the docs: https://firebase.google.com/docs/extensions/alpha/create-user-docs#reference-in-postinstall\n\nLearn more about writing a POSTINSTALL.md file in the docs:\nhttps://firebase.google.com/docs/extensions/alpha/create-user-docs#writing-postinstall\n-->\n##### Table of Contents  \n\n  * [💪 Use the extension](#-use-the-extension)\n    + [Send an email](#send-an-email)\n    + [Collection fields](#collection-fields)\n    + [Email results](#email-results)\n  * [👀 Monitoring](#-monitoring)\n\n---\n\n## 💪 Use the extension\n\nUse this extension to send emails that contain the information from documents added to a specified Cloud Firestore collection.\n\nAfter its installation, this extension monitors all document writes to the `EMAIL_COLLECTION` collection. Email is sent based on the contents of the document's fields. The document's fields specify an email data. Adding a document triggers this extension to send an email built from the document's fields.\n\n\n### Send an email\n<details>\n<summary>Here's a basic example document write that would trigger this extension</summary>\n\n```js\nadmin.firestore().collection('emails').add({\n  to: [\n    {\n      email: 'recipient@example.com',\n      name: 'Recipient name'\n    }\n  ],\n  from: {\n    email: 'from@example.com',\n    name: 'From name'\n  },\n  cc: [\n    {\n      email: 'cc.recipient@example.com',\n      name: 'CC recipient name'\n    }\n  ],\n  bcc: [\n    {\n      email: 'bcc.recipient@example.com',\n      name: 'Bcc recipient name'\n    }\n  ],\n  subject: 'Hello from Firebase!',\n  html: 'This is an <code>HTML</code> email body.',\n  text: 'This is an TEXT email body.',\n  template_id: 'abc123ced',\n    variables: [\n      {\n        email: 'recipient@example.com',\n        substitutions: [\n          {\n            var: 'variable_name',\n            value: 'variable value'\n          }\n        ]\n      }\n    ],\n    personalization: [\n      {\n        email: 'recipient@example.com',\n        data: {\n          personalization_name: 'personalization value'\n        }\n      }\n    ],\n    tags: ['tag1', 'tag2'],\n    reply_to: {\n      email: 'reply_to@example.com',\n        name: 'Reply to name'\n    },\n    send_at: '123465789'\n})\n```\n\n</details>\n\n\n### Collection fields\n\n<details>\n<summary>Find all the JSON field parameters you can add to your API call, provided in dot notation </summary>\n\n\n| JSON field parameter                | Type       | Required | Limitations                                                       | Details                                                                                                                                                                                                       |\n|-------------------------------------|------------|----------|-------------------------------------------------------------------|---------------------------------------------------------------------------------------------------------------------------------------------------------------------------------------------------------------|\n| `from`                              | `object`   | yes *    |                                                                   | Not required if set in extension config or `template_id` is present and template has default sender set.                                                                                                      |\n| `from.email`                        | `string`   | yes *    | Must be a verified domain or a subdomain from a verified domain . | Not required if set in extension config or `template_id` is present and template has default sender set.                                                                                                      |\n| `from.name`                         | `string`   | no       |                                                                   | `from.email` will be used if not provided or, if set in extension config or `template_id` is present with default values, the default subject from that will be used.                                         |\n| `to`                                | `object[]` | yes      | Min `1`, max `50`                                                 |                                                                                                                                                                                                               |\n| `to.*.email`                        | `string`   | yes      |                                                                   |                                                                                                                                                                                                               |\n| `to.*.name`                         | `string`   | no       |                                                                   | The name of the recipient. May not contain `;` or `,`.                                                                                                                                                        |\n| `cc`                                | `object[]` | no       | Max 10                                                            |                                                                                                                                                                                                               |\n| `cc.*.email`                        | `string`   | yes      |                                                                   |                                                                                                                                                                                                               |\n| `cc.*.name`                         | `string`   | no       |                                                                   | The name of the CC recipient. May not contain `;` or `,`.                                                                                                                                                     |\n| `bcc`                               | `object[]` | no       | Max 10                                                            |                                                                                                                                                                                                               |\n| `bcc.*.email`                       | `string`   | yes      |                                                                   |                                                                                                                                                                                                               |\n| `bcc.*.name`                        | `string`   | no       |                                                                   | The name of the BCC recipient. May not contain `;` or `,`.                                                                                                                                                    |\n| `reply_to`                          | `object`   | no       |                                                                   |                                                                                                                                                                                                               |\n| `reply_to.email`                    | `string`   | no       |                                                                   | Can be set in extension config                                                                                                                                                                                |\n| `reply_to.name`                     | `string`   | no       |                                                                   | Can be set in extension config                                                                                                                                                                                |\n| `subject`                           | `string`   | yes *    |                                                                   | Not required if `template_id` is present and template has default subject set.                                                                                                                                |\n| `text`                              | `string`   | yes *    | Max size of 2 MB.                                                 | Email represented in a text (`text/plain`) format. * Only required if there's no `html` or `template_id` present.                                                                                             |\n| `html`                              | `string`   | yes *    | Max size of 2 MB.                                                 | Email represented in HTML (`text/html`) format. * Only required if there's no `text` or `template_id` present.                                                                                                |\n| `template_id`                       | `string`   | yes *    |                                                                   | * Only required if there's no `text` or `html` present.                                                                                                                                                       |\n| `tags`                              | `string[]` | no       |                                                                   | Limit is max 5 tags.                                                                                                                                                                                          |\n| `variables`                         | `object[]` | no       |                                                                   | These will be replaced in the email content using `{$var}` format. Can be used in the `subject`, `html`, `text` fields.                                                                                       |\n| `variables.*.email`                 | `string`   | yes      |                                                                   | Email address that substitutions will be applied to. Read more about [simple personalization](features.html#simple-personalization).                                                                          |\n| `variables.*.substitutions`         | `object[]` | yes      |                                                                   |                                                                                                                                                                                                               |\n| `variables.*.substitutions.*.var`   | `string`   | yes      |                                                                   | Name of the variable, will replace `{$var}` in the `subject`, `html`, `text` fields.                                                                                                                          |\n| `variables.*.substitutions.*.value` | `string`   | yes      |                                                                   | Value to be replaced, based on the `variables.*.substitutions.*.var`  name.                                                                                                                                   |\n| `personalization`                   | `object[]` | no       |                                                                   | Allows using personalization in <code v-pre>{{ var }}</code> syntax. Can be used in the `subject`, `html`, `text` fields. Read more about [advanced personalization](features.html#advanced-personalization). |\n| `personalization.*.email`           | `string`   | yes      |                                                                   | Email address that personalization will be applied to.                                                                                                                                                        |\n| `personalization.*.data`            | `object[]` | yes      |                                                                   | Object with `key: value` pairs. Values will be added to your template using <code v-pre>{{ key }}</code> syntax.                                                                                              |\n| `send_at`                           | `integer`  | no       | min: `now`, max: `now + 72hours`                                  | Has to be a [Unix timestamp](https://www.unixtimestamp.com/). **Please note that this timestamp is a minimal guarantee and that the email could be delayed due to server load.**                             |\n\n</details>\n\n### Email results\n\nAfter email sending is triggered this extension fills results into the `delivery` field.\n\n| Field      | Description                                    |\n|------------|------------------------------------------------|\n| error      | Validation error, or error from the server     |\n| message_id | Message ID in MailerSend system                |\n| state      | State of an email sending: `ERROR`, `SUCCESS`  |\n\n\n\n## 👀 Monitoring\n\nAs a best practice, you can [monitor the activity](https://firebase.google.com/docs/extensions/manage-installed-extensions#monitor) of your installed extension, including checks on its health, usage, and logs.\n","readmeContent":"# Send emails with MailerSend\n\n**Author**: [MailerSend](https://www.mailersend.com)\n\n**Description**: MailerSend is a transactional messaging service that enables developers to work faster and smarter.\n\nAn intuitively designed interface enables anyone to contribute to transactional email and SMS, while advanced sending infrastructure and flexible payment plans let you scale your sendings.\n\nBuilt by deliverability experts, your messages always get delivered, along with dedicated IP, email verification and inbound routing for a comprehensive solution.\n\nGet started right now for free!\n\n**Details**: Use this extension to send emails that contain the information from documents added to a specified Cloud Firestore collection. Adding a document triggers this extension to send an email built from the document's fields.\n\nNote that MailerSend allows you to:\n- schedule emails\n- send bulk emails\n- add attachments up to 25MB\n- organize your sendings with tags\n- track opens, clicks, and spam reports.\n\nWe welcome [bug reports and feature requests](https://github.com/mailersend/mailersend-firebase/issues/new) as well as pull requests in this GitHub repository.\n\n##### Table of Contents  \n\n  * [🧩 Install this extension](#-install-this-extension)\n    + [Console](#console)\n    + [Firebase CLI](#firebase-cli)\n  * [💪 Use the extension](#-use-the-extension)\n    + [Send an email](#send-an-email)\n    + [Additional setup](#additional-setup)\n    + [Collection fields](#collection-fields)\n    + [Email results](#email-results)\n  * [💳 Billing](#-billing)\n  * [⚙️ Configuration](#configuration)\n    + [Configuration parameters](#configuration-parameters)\n    + [Cloud Functions](#cloud-functions)\n---\n\n## 🧩 Install this extension\n\n### Console\n\n[![Install this extension in your Firebase project](https://www.gstatic.com/mobilesdk/210513_mobilesdk/install-extension.png \"Install this extension in your Firebase project\")][install-link]\n\n[install-link]: https://console.firebase.google.com/project/_/extensions/install?ref=mailersend/mailersend-email\n\n### Firebase CLI\n\n```bash\nfirebase ext:install mailersend/mailersend-email --project=[your-project-id]\n```\n\n> Learn more about installing extensions in the Firebase Extensions documentation:\n> [console](https://firebase.google.com/docs/extensions/install-extensions?platform=console),\n> [CLI](https://firebase.google.com/docs/extensions/install-extensions?platform=cli)\n\n\n## 💪 Use the extension\n\nAfter its installation, this extension monitors all document writes to the `EMAIL_COLLECTION` collection. Email is sent based on the contents of the document's fields. The document's fields specify an email data.\n\n### Send an email\n<details>\n<summary>Here's a basic example document write that would trigger this extension</summary>\n\n```js\nadmin.firestore().collection('emails').add({\n  to: [\n    {\n      email: 'recipient@example.com',\n      name: 'Recipient name'\n    }\n  ],\n  from: {\n    email: 'from@example.com',\n    name: 'From name'\n  },\n  cc: [\n    {\n      email: 'cc.recipient@example.com',\n      name: 'CC recipient name'\n    }\n  ],\n  bcc: [\n    {\n      email: 'bcc.recipient@example.com',\n      name: 'Bcc recipient name'\n    }\n  ],\n  subject: 'Hello from Firebase!',\n  html: 'This is an <code>HTML</code> email body.',\n  text: 'This is an TEXT email body.',\n  template_id: 'abc123ced',\n    variables: [\n      {\n        email: 'recipient@example.com',\n        substitutions: [\n          {\n            var: 'variable_name',\n            value: 'variable value'\n          }\n        ]\n      }\n    ],\n    personalization: [\n      {\n        email: 'recipient@example.com',\n        data: {\n          personalization_name: 'personalization value'\n        }\n      }\n    ],\n    tags: ['tag1', 'tag2'],\n    reply_to: {\n      email: 'reply_to@example.com',\n        name: 'Reply to name'\n    },\n    send_at: '123465789'\n})\n```\n\n</details>\n\n### Additional setup\n\nBefore installing this extension, set up the following Firebase service in your Firebase project:\n\n- [Cloud Firestore](https://firebase.google.com/docs/firestore/quickstart) collection in your Firebase project.\n\nThen, in the MailerSend dashboard:\n\n- Add a [domain](https://app.mailersend.com/domains) and verify it editing your DNS records.\n- Create a new [API token](https://app.mailersend.com/api-tokens) with full access.\n\n\n\n### Collection fields\n\n<details>\n<summary>Find all the JSON field parameters you can add to your API call, provided in dot notation </summary>\n<br>\n\n| JSON field parameter                | Type       | Required | Limitations                                                       | Details                                                                                                                                                                                                       |\n|-------------------------------------|------------|----------|-------------------------------------------------------------------|---------------------------------------------------------------------------------------------------------------------------------------------------------------------------------------------------------------|\n| `from`                              | `object`   | yes *    |                                                                   | Not required if set in extension config or `template_id` is present and template has default sender set.                                                                                                      |\n| `from.email`                        | `string`   | yes *    | Must be a verified domain or subdomain. | Not required if set in extension config or `template_id` is present and template has default sender set.                                                                                                      |\n| `from.name`                         | `string`   | no       |                                                                   | `from.email` will be used if not provided or, if set in extension config or `template_id` is present with default values, the default subject from that will be used.                                         |\n| `to`                                | `object[]` | yes      | Min `1`, max `50`                                                 |                                                                                                                                                                                                               |\n| `to.*.email`                        | `string`   | yes      |                                                                   |                                                                                                                                                                                                               |\n| `to.*.name`                         | `string`   | no       |                                                                   | The name of the recipient. May not contain `;` or `,`.                                                                                                                                                        |\n| `cc`                                | `object[]` | no       | Max 10                                                            |                                                                                                                                                                                                               |\n| `cc.*.email`                        | `string`   | yes      |                                                                   |                                                                                                                                                                                                               |\n| `cc.*.name`                         | `string`   | no       |                                                                   | The name of the CC recipient. May not contain `;` or `,`.                                                                                                                                                     |\n| `bcc`                               | `object[]` | no       | Max 10                                                            |                                                                                                                                                                                                               |\n| `bcc.*.email`                       | `string`   | yes      |                                                                   |                                                                                                                                                                                                               |\n| `bcc.*.name`                        | `string`   | no       |                                                                   | The name of the BCC recipient. May not contain `;` or `,`.                                                                                                                                                    |\n| `reply_to`                          | `object`   | no       |                                                                   |                                                                                                                                                                                                               |\n| `reply_to.email`                    | `string`   | no       |                                                                   | Can be set in extension config                                                                                                                                                                                |\n| `reply_to.name`                     | `string`   | no       |                                                                   | Can be set in extension config                                                                                                                                                                                |\n| `subject`                           | `string`   | yes *    |                                                                   | Not required if `template_id` is present and template has default subject set.                                                                                                                                |\n| `text`                              | `string`   | yes *    | Max size of 2 MB.                                                 | Email represented in a text (`text/plain`) format. * Only required if there's no `html` or `template_id` present.                                                                                             |\n| `html`                              | `string`   | yes *    | Max size of 2 MB.                                                 | Email represented in HTML (`text/html`) format. * Only required if there's no `text` or `template_id` present.                                                                                                |\n| `template_id`                       | `string`   | yes *    |                                                                   | * Only required if there's no `text` or `html` present.                                                                                                                                                       |\n| `tags`                              | `string[]` | no       |                                                                   | Limit is max 5 tags.                                                                                                                                                                                          |\n| `variables`                         | `object[]` | no       |                                                                   | These will be replaced in the email content using `{$var}` format. Can be used in the `subject`, `html`, `text` fields.                                                                                       |\n| `variables.*.email`                 | `string`   | yes      |                                                                   | Email address that substitutions will be applied to. Read more about [simple personalization](features.html#simple-personalization).                                                                          |\n| `variables.*.substitutions`         | `object[]` | yes      |                                                                   |                                                                                                                                                                                                               |\n| `variables.*.substitutions.*.var`   | `string`   | yes      |                                                                   | Name of the variable, will replace `{$var}` in the `subject`, `html`, `text` fields.                                                                                                                          |\n| `variables.*.substitutions.*.value` | `string`   | yes      |                                                                   | Value to be replaced, based on the `variables.*.substitutions.*.var`  name.                                                                                                                                   |\n| `personalization`                   | `object[]` | no       |                                                                   | Allows using personalization in <code v-pre>{{ var }}</code> syntax. Can be used in the `subject`, `html`, `text` fields. Read more about [advanced personalization](features.html#advanced-personalization). |\n| `personalization.*.email`           | `string`   | yes      |                                                                   | Email address that personalization will be applied to.                                                                                                                                                        |\n| `personalization.*.data`            | `object[]` | yes      |                                                                   | Object with `key: value` pairs. Values will be added to your template using <code v-pre>{{ key }}</code> syntax.                                                                                              |\n| `send_at`                           | `integer`  | no       | min: `now`, max: `now + 72hours`                                  | Has to be a [Unix timestamp](https://www.unixtimestamp.com/). **Please note that this timestamp is a minimal guarantee and that the email could be delayed due to server load.**                             |\n\n</details>\n\n### Email results\n\nAfter email sending is triggered this extension fills results into the `delivery` field.\n\n| Field      | Description                                    |\n|------------|------------------------------------------------|\n| error      | Validation error, or error from the server     |\n| message_id | Message ID in MailerSend system                |\n| state      | State of an email sending: `ERROR`, `SUCCESS`  |\n\n\n<!-- We recommend keeping the following section to explain how billing for Firebase Extensions works -->\n## 💳 Billing\n\nThis extension uses other Firebase or Google Cloud Platform services which may have associated charges:\n\n<!-- List all products the extension interacts with -->\n- Cloud Functions\n\nWhen you use Firebase Extensions, you're only charged for the underlying resources that you use. A paid-tier billing plan is only required if the extension uses a service that requires a paid-tier plan, for example calling to a Google Cloud Platform API or making outbound network requests to non-Google services. All Firebase services offer a free tier of usage. [Learn more about Firebase billing.](https://firebase.google.com/pricing)\n\nThis extension also uses the following third-party services:\n\n- MailerSend ([pricing information](https://mailersend.com/pricing))\n\nYou are responsible for any costs associated with your use of these services.\n\n## ⚙️Configuration\n\n### Configuration Parameters\n\n* Cloud Functions location: Where do you want to deploy the functions created for this extension? For help selecting a location, refer to the [location selection guide](https://firebase.google.com/docs/functions/locations).\n\n* Emails documents collection: What is the path to the collection that contains the documents used to build and send the email?\n\n* MailerSend API key: API tokens are used for authentication when sending emails. You can find more details how to create an API token [here](https://www.mailersend.com/help/managing-api-tokens).\n* Email parameters:\n\n    + Default FROM email address: The email address to use as the sender's address (if it's not specified in the added email document or template).\n\n    + Default FROM name: The name to use as the sender's name.\n\n    + Default reply to email address: The email address to use as the reply to address (if it's not specified in the added email document or template).(not required)\n\n    + Default reply to name: The name to use as the reply to name. (not required)\n\n    + Default template ID: The default template id to use for emails (it will be used if not specified in the added email document).\n\n\n\n### Cloud Functions\n\n* processDocumentCreated: Processes created document in Cloud Firestore collection, sends an email and updates status information.\n","displayName":"Send email with MailerSend","icon":"mailersend.png","tags":["messaging"]},"fetchTime":"2026-01-19T12:12:10.816673Z","lastOperationName":"projects/mailersend-214215/operations/497c1a52-a04c-4e49-8be5-676a74949077","state":"ACTIVE","iconUri":"https://storage.googleapis.com/firebase-extensions-icons/extension_icons/mailersend/mailersend-email_0.2.1@512.png"},"params":{"DEFAULT_FROM_NAME":"Mads Lund Torslev","LOCATION":"europe-west1","DATABASE_LOCATION":"europe-west1","EMAIL_COLLECTION":"emails","MAILERSEND_API_KEY":"projects/83155172875/secrets/mailersend-email-MAILERSEND_API_KEY/versions/1","DEFAULT_FROM_EMAIL":"support@echoops.org"},"populatedPostinstallContent":"<!-- \nThis file provides your users an overview of how to use your extension after they've installed it. All content is optional, but this is the recommended format. Your users will see the contents of this file in the Firebase console after they install the extension.\n\nInclude instructions for using the extension and any important functional details. Also include **detailed descriptions** for any additional post-installation setup required by the user.\n\nReference values for the extension instance using the ${param:PARAMETER_NAME} or ${function:VARIABLE_NAME} syntax.\nLearn more in the docs: https://firebase.google.com/docs/extensions/alpha/create-user-docs#reference-in-postinstall\n\nLearn more about writing a POSTINSTALL.md file in the docs:\nhttps://firebase.google.com/docs/extensions/alpha/create-user-docs#writing-postinstall\n-->\n##### Table of Contents  \n\n  * [💪 Use the extension](#-use-the-extension)\n    + [Send an email](#send-an-email)\n    + [Collection fields](#collection-fields)\n    + [Email results](#email-results)\n  * [👀 Monitoring](#-monitoring)\n\n---\n\n## 💪 Use the extension\n\nUse this extension to send emails that contain the information from documents added to a specified Cloud Firestore collection.\n\nAfter its installation, this extension monitors all document writes to the `EMAIL_COLLECTION` collection. Email is sent based on the contents of the document's fields. The document's fields specify an email data. Adding a document triggers this extension to send an email built from the document's fields.\n\n\n### Send an email\n<details>\n<summary>Here's a basic example document write that would trigger this extension</summary>\n\n```js\nadmin.firestore().collection('emails').add({\n  to: [\n    {\n      email: 'recipient@example.com',\n      name: 'Recipient name'\n    }\n  ],\n  from: {\n    email: 'from@example.com',\n    name: 'From name'\n  },\n  cc: [\n    {\n      email: 'cc.recipient@example.com',\n      name: 'CC recipient name'\n    }\n  ],\n  bcc: [\n    {\n      email: 'bcc.recipient@example.com',\n      name: 'Bcc recipient name'\n    }\n  ],\n  subject: 'Hello from Firebase!',\n  html: 'This is an <code>HTML</code> email body.',\n  text: 'This is an TEXT email body.',\n  template_id: 'abc123ced',\n    variables: [\n      {\n        email: 'recipient@example.com',\n        substitutions: [\n          {\n            var: 'variable_name',\n            value: 'variable value'\n          }\n        ]\n      }\n    ],\n    personalization: [\n      {\n        email: 'recipient@example.com',\n        data: {\n          personalization_name: 'personalization value'\n        }\n      }\n    ],\n    tags: ['tag1', 'tag2'],\n    reply_to: {\n      email: 'reply_to@example.com',\n        name: 'Reply to name'\n    },\n    send_at: '123465789'\n})\n```\n\n</details>\n\n\n### Collection fields\n\n<details>\n<summary>Find all the JSON field parameters you can add to your API call, provided in dot notation </summary>\n\n\n| JSON field parameter                | Type       | Required | Limitations                                                       | Details                                                                                                                                                                                                       |\n|-------------------------------------|------------|----------|-------------------------------------------------------------------|---------------------------------------------------------------------------------------------------------------------------------------------------------------------------------------------------------------|\n| `from`                              | `object`   | yes *    |                                                                   | Not required if set in extension config or `template_id` is present and template has default sender set.                                                                                                      |\n| `from.email`                        | `string`   | yes *    | Must be a verified domain or a subdomain from a verified domain . | Not required if set in extension config or `template_id` is present and template has default sender set.                                                                                                      |\n| `from.name`                         | `string`   | no       |                                                                   | `from.email` will be used if not provided or, if set in extension config or `template_id` is present with default values, the default subject from that will be used.                                         |\n| `to`                                | `object[]` | yes      | Min `1`, max `50`                                                 |                                                                                                                                                                                                               |\n| `to.*.email`                        | `string`   | yes      |                                                                   |                                                                                                                                                                                                               |\n| `to.*.name`                         | `string`   | no       |                                                                   | The name of the recipient. May not contain `;` or `,`.                                                                                                                                                        |\n| `cc`                                | `object[]` | no       | Max 10                                                            |                                                                                                                                                                                                               |\n| `cc.*.email`                        | `string`   | yes      |                                                                   |                                                                                                                                                                                                               |\n| `cc.*.name`                         | `string`   | no       |                                                                   | The name of the CC recipient. May not contain `;` or `,`.                                                                                                                                                     |\n| `bcc`                               | `object[]` | no       | Max 10                                                            |                                                                                                                                                                                                               |\n| `bcc.*.email`                       | `string`   | yes      |                                                                   |                                                                                                                                                                                                               |\n| `bcc.*.name`                        | `string`   | no       |                                                                   | The name of the BCC recipient. May not contain `;` or `,`.                                                                                                                                                    |\n| `reply_to`                          | `object`   | no       |                                                                   |                                                                                                                                                                                                               |\n| `reply_to.email`                    | `string`   | no       |                                                                   | Can be set in extension config                                                                                                                                                                                |\n| `reply_to.name`                     | `string`   | no       |                                                                   | Can be set in extension config                                                                                                                                                                                |\n| `subject`                           | `string`   | yes *    |                                                                   | Not required if `template_id` is present and template has default subject set.                                                                                                                                |\n| `text`                              | `string`   | yes *    | Max size of 2 MB.                                                 | Email represented in a text (`text/plain`) format. * Only required if there's no `html` or `template_id` present.                                                                                             |\n| `html`                              | `string`   | yes *    | Max size of 2 MB.                                                 | Email represented in HTML (`text/html`) format. * Only required if there's no `text` or `template_id` present.                                                                                                |\n| `template_id`                       | `string`   | yes *    |                                                                   | * Only required if there's no `text` or `html` present.                                                                                                                                                       |\n| `tags`                              | `string[]` | no       |                                                                   | Limit is max 5 tags.                                                                                                                                                                                          |\n| `variables`                         | `object[]` | no       |                                                                   | These will be replaced in the email content using `{$var}` format. Can be used in the `subject`, `html`, `text` fields.                                                                                       |\n| `variables.*.email`                 | `string`   | yes      |                                                                   | Email address that substitutions will be applied to. Read more about [simple personalization](features.html#simple-personalization).                                                                          |\n| `variables.*.substitutions`         | `object[]` | yes      |                                                                   |                                                                                                                                                                                                               |\n| `variables.*.substitutions.*.var`   | `string`   | yes      |                                                                   | Name of the variable, will replace `{$var}` in the `subject`, `html`, `text` fields.                                                                                                                          |\n| `variables.*.substitutions.*.value` | `string`   | yes      |                                                                   | Value to be replaced, based on the `variables.*.substitutions.*.var`  name.                                                                                                                                   |\n| `personalization`                   | `object[]` | no       |                                                                   | Allows using personalization in <code v-pre>{{ var }}</code> syntax. Can be used in the `subject`, `html`, `text` fields. Read more about [advanced personalization](features.html#advanced-personalization). |\n| `personalization.*.email`           | `string`   | yes      |                                                                   | Email address that personalization will be applied to.                                                                                                                                                        |\n| `personalization.*.data`            | `object[]` | yes      |                                                                   | Object with `key: value` pairs. Values will be added to your template using <code v-pre>{{ key }}</code> syntax.                                                                                              |\n| `send_at`                           | `integer`  | no       | min: `now`, max: `now + 72hours`                                  | Has to be a [Unix timestamp](https://www.unixtimestamp.com/). **Please note that this timestamp is a minimal guarantee and that the email could be delayed due to server load.**                             |\n\n</details>\n\n### Email results\n\nAfter email sending is triggered this extension fills results into the `delivery` field.\n\n| Field      | Description                                    |\n|------------|------------------------------------------------|\n| error      | Validation error, or error from the server     |\n| message_id | Message ID in MailerSend system                |\n| state      | State of an email sending: `ERROR`, `SUCCESS`  |\n\n\n\n## 👀 Monitoring\n\nAs a best practice, you can [monitor the activity](https://firebase.google.com/docs/extensions/manage-installed-extensions#monitor) of your installed extension, including checks on its health, usage, and logs.\n","extensionRef":"mailersend/mailersend-email","extensionVersion":"0.2.1","systemParams":{"firebaseextensions.v1beta.function/vpcConnectorEgressSettings":"VPC_CONNECTOR_EGRESS_SETTINGS_UNSPECIFIED","firebaseextensions.v1beta.function/minInstances":"0","firebaseextensions.v1beta.v2function/memory":"256Mi"}},"lastOperationName":"projects/echoops-65d4b/operations/87d19f5a-edd0-4608-96a4-65c0def52afa","serviceAccountEmail":"ext-mailersend-email@echoops-65d4b.iam.gserviceaccount.com","lastOperationType":"CREATE","etag":"1e68cf6cdc5d0bed8c055d71eb22786ae058e625579487b45330c742f3d78ee9"}]}
[info] i  functions: Loaded environment variables from .env. 
[info] i  functions: preparing .firebase/echoops-65d4b/functions directory for uploading... 
[info] i  functions: packaged /root/projects/echoops/.firebase/echoops-65d4b/functions (81.47 MB) for uploading 
[debug] [2026-03-24T16:50:43.147Z] Checked if tokens are valid: true, expires at: 1774374541946
[debug] [2026-03-24T16:50:43.147Z] Checked if tokens are valid: true, expires at: 1774374541946
[debug] [2026-03-24T16:50:43.148Z] >>> [apiv2][query] GET https://cloudfunctions.googleapis.com/v1/projects/echoops-65d4b/locations/-/functions [none]
[debug] [2026-03-24T16:50:44.149Z] <<< [apiv2][status] GET https://cloudfunctions.googleapis.com/v1/projects/echoops-65d4b/locations/-/functions 200
[debug] [2026-03-24T16:50:44.149Z] <<< [apiv2][body] GET https://cloudfunctions.googleapis.com/v1/projects/echoops-65d4b/locations/-/functions {}
[debug] [2026-03-24T16:50:44.150Z] Checked if tokens are valid: true, expires at: 1774374541946
[debug] [2026-03-24T16:50:44.150Z] Checked if tokens are valid: true, expires at: 1774374541946
[debug] [2026-03-24T16:50:44.151Z] >>> [apiv2][query] GET https://cloudfunctions.googleapis.com/v2/projects/echoops-65d4b/locations/-/functions filter=environment%3D%22GEN_2%22
[debug] [2026-03-24T16:50:45.314Z] <<< [apiv2][status] GET https://cloudfunctions.googleapis.com/v2/projects/echoops-65d4b/locations/-/functions 200
[debug] [2026-03-24T16:50:45.314Z] <<< [apiv2][body] GET https://cloudfunctions.googleapis.com/v2/projects/echoops-65d4b/locations/-/functions {"functions":[{"name":"projects/echoops-65d4b/locations/europe-west1/functions/ssrechoops65d4b","buildConfig":{"build":"projects/83155172875/locations/europe-west1/builds/f33eb0c5-5ff7-420b-8cb7-ffb215707fd8","runtime":"nodejs20","entryPoint":"ssrechoops65d4b","source":{"storageSource":{"bucket":"gcf-v2-sources-83155172875-europe-west1","object":"ssrechoops65d4b/function-source.zip","generation":"1773598187424385"}},"environmentVariables":{"GOOGLE_NODE_RUN_SCRIPTS":""},"dockerRepository":"projects/echoops-65d4b/locations/europe-west1/repositories/gcf-artifacts","sourceProvenance":{"resolvedStorageSource":{"bucket":"gcf-v2-sources-83155172875-europe-west1","object":"ssrechoops65d4b/function-source.zip","generation":"1773598187424385"}},"dockerRegistry":"ARTIFACT_REGISTRY","serviceAccount":"projects/echoops-65d4b/serviceAccounts/83155172875-compute@developer.gserviceaccount.com","automaticUpdatePolicy":{}},"serviceConfig":{"service":"projects/echoops-65d4b/locations/europe-west1/services/ssrechoops65d4b","timeoutSeconds":60,"environmentVariables":{"VERCEL_URL":"echoops-65d4b.web.app","__FIREBASE_FRAMEWORKS_ENTRY__":"next.js","__FIREBASE_DEFAULTS__":"{\"config\":{\"projectId\":\"echoops-65d4b\",\"storageBucket\":\"echoops-65d4b.firebasestorage.app\",\"apiKey\":\"AIzaSyB3W0G5VVxG1Zozbqdr2o5zgaYO_nHkgJM\",\"authDomain\":\"echoops-65d4b.firebaseapp.com\",\"messagingSenderId\":\"83155172875\",\"projectNumber\":\"83155172875\",\"version\":\"2\"},\"_authTokenSyncURL\":\"/__session\"}","FIREBASE_CONFIG":"{\"projectId\":\"echoops-65d4b\",\"storageBucket\":\"echoops-65d4b.firebasestorage.app\"}","GCLOUD_PROJECT":"echoops-65d4b","EVENTARC_CLOUD_EVENT_SOURCE":"projects/echoops-65d4b/locations/europe-west1/services/ssrechoops65d4b","FUNCTION_TARGET":"ssrechoops65d4b","LOG_EXECUTION_ID":"true"},"maxInstanceCount":20,"ingressSettings":"ALLOW_ALL","uri":"https://ssrechoops65d4b-t25ra5pwdq-ew.a.run.app","serviceAccountEmail":"83155172875-compute@developer.gserviceaccount.com","availableMemory":"256Mi","allTrafficOnLatestRevision":true,"revision":"ssrechoops65d4b-00016-xag","maxInstanceRequestConcurrency":80,"availableCpu":"1"},"state":"ACTIVE","updateTime":"2026-03-15T18:13:16.176703088Z","labels":{"deployment-tool":"cli-firebase","firebase-functions-codebase":"firebase-frameworks-echoops-65d4b","firebase-functions-hash":"604f1c854638e4092bf69ad118330d0483e5b870"},"environment":"GEN_2","url":"https://europe-west1-echoops-65d4b.cloudfunctions.net/ssrechoops65d4b","createTime":"2026-03-09T17:17:31.703785476Z","satisfiesPzi":true},{"name":"projects/echoops-65d4b/locations/europe-west1/functions/ext-mailersend-email-processdocumentcreated","description":"Processes created document in Cloud Firestore collection, sends an email and updates status information.","buildConfig":{"build":"projects/83155172875/locations/europe-west1/builds/b5237749-6932-47c8-a3c3-d6e159f83df3","runtime":"nodejs22","entryPoint":"processDocumentCreated","source":{"storageSource":{"bucket":"gcf-v2-sources-83155172875-europe-west1","object":"ext-mailersend-email-processdocumentcreated/function-source.zip","generation":"1773119542600714"}},"dockerRepository":"projects/echoops-65d4b/locations/europe-west1/repositories/gcf-artifacts","sourceProvenance":{"resolvedStorageSource":{"bucket":"gcf-v2-sources-83155172875-europe-west1","object":"ext-mailersend-email-processdocumentcreated/function-source.zip","generation":"1773119542600714"}},"dockerRegistry":"ARTIFACT_REGISTRY","serviceAccount":"projects/echoops-65d4b/serviceAccounts/83155172875-compute@developer.gserviceaccount.com"},"serviceConfig":{"service":"projects/echoops-65d4b/locations/europe-west1/services/ext-mailersend-email-processdocumentcreated","timeoutSeconds":60,"environmentVariables":{"DATABASE_INSTANCE":"","DATABASE_LOCATION":"europe-west1","DATABASE_URL":"","DEFAULT_FROM_EMAIL":"support@echoops.org","DEFAULT_FROM_NAME":"Mads Lund Torslev","EMAIL_COLLECTION":"emails","EXT_INSTANCE_ID":"mailersend-email","FIREBASE_CONFIG":"{\"projectId\":\"echoops-65d4b\",\"databaseURL\":\"\",\"storageBucket\":\"echoops-65d4b.firebasestorage.app\"}","FUNCTION_SIGNATURE_TYPE":"cloudevent","GCLOUD_PROJECT":"echoops-65d4b","LOCATION":"europe-west1","PROJECT_ID":"echoops-65d4b","STORAGE_BUCKET":"echoops-65d4b.firebasestorage.app","LOG_EXECUTION_ID":"true"},"maxInstanceCount":100,"ingressSettings":"ALLOW_INTERNAL_ONLY","uri":"https://ext-mailersend-email-processdocumentcreated-t25ra5pwdq-ew.a.run.app","serviceAccountEmail":"ext-mailersend-email@echoops-65d4b.iam.gserviceaccount.com","availableMemory":"256Mi","allTrafficOnLatestRevision":true,"secretEnvironmentVariables":[{"key":"MAILERSEND_API_KEY","projectId":"83155172875","secret":"mailersend-email-MAILERSEND_API_KEY","version":"1"}],"revision":"ext-mailersend-email-processdocumentcreated-00002-xow","maxInstanceRequestConcurrency":1,"availableCpu":"0.1666"},"eventTrigger":{"trigger":"projects/echoops-65d4b/locations/europe-west1/triggers/ext-mailersend-email-processdocumentcreated-567381","triggerRegion":"europe-west1","eventType":"google.cloud.firestore.document.v1.created","eventFilters":[{"attribute":"database","value":"(default)"},{"attribute":"document","value":"emails/{documentId}","operator":"match-path-pattern"}],"pubsubTopic":"projects/echoops-65d4b/topics/eventarc-europe-west1-ext-mailersend-email-processdocumentcreated-567381-657","serviceAccountEmail":"83155172875-compute@developer.gserviceaccount.com","retryPolicy":"RETRY_POLICY_DO_NOT_RETRY"},"state":"ACTIVE","updateTime":"2026-03-10T05:13:35.114545496Z","labels":{"goog-firebase-ext":"mailersend-email","deployment-tool":"firebase-extensions","goog-firebase-ext-iid":"mailersend-email","goog-dm":"firebase-ext-mailersend-email"},"environment":"GEN_2","url":"https://europe-west1-echoops-65d4b.cloudfunctions.net/ext-mailersend-email-processdocumentcreated","createTime":"2026-03-10T05:10:54.298040452Z","satisfiesPzi":true}]}
[info] i  functions: ensuring required API run.googleapis.com is enabled... 
[info] i  functions: ensuring required API eventarc.googleapis.com is enabled... 
[info] i  functions: ensuring required API pubsub.googleapis.com is enabled... 
[info] i  functions: ensuring required API storage.googleapis.com is enabled... 
[info] i  functions: generating the service identity for pubsub.googleapis.com... 
[debug] [2026-03-24T16:50:45.318Z] Checked if tokens are valid: true, expires at: 1774374541946
[debug] [2026-03-24T16:50:45.318Z] Checked if tokens are valid: true, expires at: 1774374541946
[info] i  functions: generating the service identity for eventarc.googleapis.com... 
[debug] [2026-03-24T16:50:45.318Z] Checked if tokens are valid: true, expires at: 1774374541946
[debug] [2026-03-24T16:50:45.318Z] Checked if tokens are valid: true, expires at: 1774374541946
[debug] [2026-03-24T16:50:45.318Z] >>> [apiv2][query] POST https://serviceusage.googleapis.com/v1beta1/projects/83155172875/services/pubsub.googleapis.com:generateServiceIdentity [none]
[debug] [2026-03-24T16:50:45.318Z] >>> [apiv2][(partial)header] POST https://serviceusage.googleapis.com/v1beta1/projects/83155172875/services/pubsub.googleapis.com:generateServiceIdentity  x-goog-user-project=83155172875
[debug] [2026-03-24T16:50:45.318Z] >>> [apiv2][body] POST https://serviceusage.googleapis.com/v1beta1/projects/83155172875/services/pubsub.googleapis.com:generateServiceIdentity {}
[debug] [2026-03-24T16:50:45.319Z] >>> [apiv2][query] POST https://serviceusage.googleapis.com/v1beta1/projects/83155172875/services/eventarc.googleapis.com:generateServiceIdentity [none]
[debug] [2026-03-24T16:50:45.319Z] >>> [apiv2][(partial)header] POST https://serviceusage.googleapis.com/v1beta1/projects/83155172875/services/eventarc.googleapis.com:generateServiceIdentity  x-goog-user-project=83155172875
[debug] [2026-03-24T16:50:45.319Z] >>> [apiv2][body] POST https://serviceusage.googleapis.com/v1beta1/projects/83155172875/services/eventarc.googleapis.com:generateServiceIdentity {}
[debug] [2026-03-24T16:50:46.186Z] <<< [apiv2][status] POST https://serviceusage.googleapis.com/v1beta1/projects/83155172875/services/eventarc.googleapis.com:generateServiceIdentity 200
[debug] [2026-03-24T16:50:46.187Z] <<< [apiv2][body] POST https://serviceusage.googleapis.com/v1beta1/projects/83155172875/services/eventarc.googleapis.com:generateServiceIdentity {"name":"operations/finished.DONE_OPERATION","done":true,"response":{"@type":"type.googleapis.com/google.api.serviceusage.v1beta1.ServiceIdentity","email":"service-83155172875@gcp-sa-eventarc.iam.gserviceaccount.com","uniqueId":"110322620940851267588"}}
[debug] [2026-03-24T16:50:46.369Z] <<< [apiv2][status] POST https://serviceusage.googleapis.com/v1beta1/projects/83155172875/services/pubsub.googleapis.com:generateServiceIdentity 200
[debug] [2026-03-24T16:50:46.369Z] <<< [apiv2][body] POST https://serviceusage.googleapis.com/v1beta1/projects/83155172875/services/pubsub.googleapis.com:generateServiceIdentity {"name":"operations/finished.DONE_OPERATION","done":true,"response":{"@type":"type.googleapis.com/google.api.serviceusage.v1beta1.ServiceIdentity","email":"service-83155172875@gcp-sa-pubsub.iam.gserviceaccount.com","uniqueId":"100437347268524539376"}}
[debug] [2026-03-24T16:50:46.372Z] Checked if tokens are valid: true, expires at: 1774374541946
[debug] [2026-03-24T16:50:46.372Z] Checked if tokens are valid: true, expires at: 1774374541946
[debug] [2026-03-24T16:50:46.372Z] >>> [apiv2][query] GET https://cloudresourcemanager.googleapis.com/v1/projects/echoops-65d4b [none]
[debug] [2026-03-24T16:50:46.802Z] <<< [apiv2][status] GET https://cloudresourcemanager.googleapis.com/v1/projects/echoops-65d4b 200
[debug] [2026-03-24T16:50:46.802Z] <<< [apiv2][body] GET https://cloudresourcemanager.googleapis.com/v1/projects/echoops-65d4b {"projectNumber":"83155172875","projectId":"echoops-65d4b","lifecycleState":"ACTIVE","name":"echoops","labels":{"firebase":"enabled","firebase-core":"disabled"},"createTime":"2026-03-09T10:35:38.365231Z"}
[debug] [2026-03-24T16:50:46.802Z] Checked if tokens are valid: true, expires at: 1774374541946
[debug] [2026-03-24T16:50:46.802Z] Checked if tokens are valid: true, expires at: 1774374541946
[debug] [2026-03-24T16:50:46.802Z] >>> [apiv2][query] GET https://compute.googleapis.com/compute/v1/projects/83155172875 [none]
[debug] [2026-03-24T16:50:47.312Z] <<< [apiv2][status] GET https://compute.googleapis.com/compute/v1/projects/83155172875 200
[debug] [2026-03-24T16:50:47.312Z] <<< [apiv2][body] GET https://compute.googleapis.com/compute/v1/projects/83155172875 {"kind":"compute#project","id":"3272228890315235171","creationTimestamp":"2026-03-09T12:37:49.292-07:00","name":"echoops-65d4b","commonInstanceMetadata":{"kind":"compute#metadata","fingerprint":"uZXtCt1-Zd0="},"quotas":[{"metric":"SNAPSHOTS","limit":1000,"usage":0},{"metric":"NETWORKS","limit":5,"usage":1},{"metric":"FIREWALLS","limit":100,"usage":4},{"metric":"IMAGES","limit":100,"usage":0},{"metric":"STATIC_ADDRESSES","limit":8,"usage":0},{"metric":"ROUTES","limit":200,"usage":0},{"metric":"FORWARDING_RULES","limit":15,"usage":0},{"metric":"TARGET_POOLS","limit":50,"usage":0},{"metric":"HEALTH_CHECKS","limit":75,"usage":0},{"metric":"IN_USE_ADDRESSES","limit":8,"usage":0},{"metric":"TARGET_INSTANCES","limit":50,"usage":0},{"metric":"TARGET_HTTP_PROXIES","limit":10,"usage":0},{"metric":"URL_MAPS","limit":10,"usage":0},{"metric":"BACKEND_SERVICES","limit":50,"usage":0},{"metric":"INSTANCE_TEMPLATES","limit":100,"usage":0},{"metric":"TARGET_VPN_GATEWAYS","limit":5,"usage":0},{"metric":"VPN_TUNNELS","limit":10,"usage":0},{"metric":"BACKEND_BUCKETS","limit":3,"usage":0},{"metric":"ROUTERS","limit":10,"usage":0},{"metric":"TARGET_SSL_PROXIES","limit":10,"usage":0},{"metric":"TARGET_HTTPS_PROXIES","limit":10,"usage":0},{"metric":"SSL_CERTIFICATES","limit":10,"usage":0},{"metric":"SUBNETWORKS","limit":100,"usage":0},{"metric":"TARGET_TCP_PROXIES","limit":10,"usage":0},{"metric":"CPUS_ALL_REGIONS","limit":32,"usage":0},{"metric":"SECURITY_POLICIES","limit":10,"usage":0},{"metric":"SECURITY_POLICY_RULES","limit":100,"usage":0},{"metric":"XPN_SERVICE_PROJECTS","limit":1000,"usage":0},{"metric":"PACKET_MIRRORINGS","limit":20,"usage":0},{"metric":"NETWORK_ENDPOINT_GROUPS","limit":100,"usage":0},{"metric":"INTERCONNECTS","limit":6,"usage":0},{"metric":"SSL_POLICIES","limit":10,"usage":0},{"metric":"GLOBAL_INTERNAL_ADDRESSES","limit":5000,"usage":0},{"metric":"VPN_GATEWAYS","limit":5,"usage":0},{"metric":"MACHINE_IMAGES","limit":100,"usage":0},{"metric":"SECURITY_POLICY_CEVAL_RULES","limit":20,"usage":0},{"metric":"GPUS_ALL_REGIONS","limit":0,"usage":0},{"metric":"EXTERNAL_VPN_GATEWAYS","limit":5,"usage":0},{"metric":"PUBLIC_ADVERTISED_PREFIXES","limit":1,"usage":0},{"metric":"PUBLIC_DELEGATED_PREFIXES","limit":10,"usage":0},{"metric":"STATIC_BYOIP_ADDRESSES","limit":128,"usage":0},{"metric":"NETWORK_FIREWALL_POLICIES","limit":10,"usage":0},{"metric":"INTERNAL_TRAFFIC_DIRECTOR_FORWARDING_RULES","limit":15,"usage":0},{"metric":"GLOBAL_EXTERNAL_MANAGED_FORWARDING_RULES","limit":15,"usage":0},{"metric":"GLOBAL_INTERNAL_MANAGED_BACKEND_SERVICES","limit":50,"usage":0},{"metric":"GLOBAL_EXTERNAL_MANAGED_BACKEND_SERVICES","limit":50,"usage":0},{"metric":"GLOBAL_EXTERNAL_PROXY_LB_BACKEND_SERVICES","limit":50,"usage":0},{"metric":"GLOBAL_INTERNAL_TRAFFIC_DIRECTOR_BACKEND_SERVICES","limit":250,"usage":0}],"selfLink":"https://www.googleapis.com/compute/v1/projects/echoops-65d4b","defaultServiceAccount":"83155172875-compute@developer.gserviceaccount.com","xpnProjectStatus":"UNSPECIFIED_XPN_PROJECT_STATUS","defaultNetworkTier":"PREMIUM","vmDnsSetting":"ZONAL_ONLY","cloudArmorTier":"CA_STANDARD"}
[debug] [2026-03-24T16:50:47.315Z] Checked if tokens are valid: true, expires at: 1774374541946
[debug] [2026-03-24T16:50:47.315Z] Checked if tokens are valid: true, expires at: 1774374541946
[debug] [2026-03-24T16:50:47.315Z] >>> [apiv2][query] POST https://firebasehosting.googleapis.com/v1beta1/projects/-/sites/echoops-65d4b/versions [none]
[debug] [2026-03-24T16:50:47.315Z] >>> [apiv2][body] POST https://firebasehosting.googleapis.com/v1beta1/projects/-/sites/echoops-65d4b/versions {"status":"CREATED","labels":{"deployment-tool":"cli-firebase","firebase-web-framework":"next_ssr"}}
[debug] [2026-03-24T16:50:49.332Z] <<< [apiv2][status] POST https://firebasehosting.googleapis.com/v1beta1/projects/-/sites/echoops-65d4b/versions 200
[debug] [2026-03-24T16:50:49.332Z] <<< [apiv2][body] POST https://firebasehosting.googleapis.com/v1beta1/projects/-/sites/echoops-65d4b/versions {"name":"projects/83155172875/sites/echoops-65d4b/versions/64a96cf6e95a5e0f","status":"CREATED","config":{},"labels":{"deployment-tool":"cli-firebase","firebase-web-framework":"next_ssr"}}
[debug] [2026-03-24T16:50:49.333Z] Checked if tokens are valid: true, expires at: 1774374541946
[debug] [2026-03-24T16:50:49.333Z] Checked if tokens are valid: true, expires at: 1774374541946
[debug] [2026-03-24T16:50:49.333Z] >>> [apiv2][query] GET https://cloudbilling.googleapis.com/v1/projects/echoops-65d4b/billingInfo [none]
[debug] [2026-03-24T16:50:50.254Z] <<< [apiv2][status] GET https://cloudbilling.googleapis.com/v1/projects/echoops-65d4b/billingInfo 200
[debug] [2026-03-24T16:50:50.254Z] <<< [apiv2][body] GET https://cloudbilling.googleapis.com/v1/projects/echoops-65d4b/billingInfo {"name":"projects/echoops-65d4b/billingInfo","projectId":"echoops-65d4b","billingAccountName":"billingAccounts/01425C-51F2A2-88B3B9","billingEnabled":true}
[debug] [2026-03-24T16:50:50.256Z] Checked if tokens are valid: true, expires at: 1774374541946
[debug] [2026-03-24T16:50:50.256Z] Checked if tokens are valid: true, expires at: 1774374541946
[debug] [2026-03-24T16:50:50.256Z] >>> [apiv2][query] POST https://cloudfunctions.googleapis.com/v2/projects/echoops-65d4b/locations/europe-west1/functions:generateUploadUrl [none]
[debug] [2026-03-24T16:50:50.598Z] <<< [apiv2][status] POST https://cloudfunctions.googleapis.com/v2/projects/echoops-65d4b/locations/europe-west1/functions:generateUploadUrl 200
[debug] [2026-03-24T16:50:50.599Z] <<< [apiv2][body] POST https://cloudfunctions.googleapis.com/v2/projects/echoops-65d4b/locations/europe-west1/functions:generateUploadUrl {"uploadUrl":"https://storage.googleapis.com/gcf-v2-uploads-83155172875.europe-west1.cloudfunctions.appspot.com/0d076734-a8d7-4ea1-8a95-cf2b497a4898.zip?GoogleAccessId=service-83155172875@gcf-admin-robot.iam.gserviceaccount.com&Expires=1774372850&Signature=bT%2FY6j1WAUtRvGideeYPwF8NnFNTCoNy6S%2FuQr5E8E%2BGDOxg%2F0p%2BT4rNNb%2FLO59N3f%2BwIy9vksFg%2BUiBzcl6WZAzBsr2iEjmlNYdtI7ITl%2F9BRLDsD%2F3tMO%2Bgu0Vt%2Fiqu7HHCzmeyIezm%2Bw8bKnTBHP6r3ja0TuKTC06LN7kL%2BTLipivJGFQTvhifvpRNSeIsV1gQUslTBh3cU1UaS9via6yKx9dUohB87yNCMU173%2Btg3lGHa58Y13HJDn3ivntsAtMAsrFPPjt56sym62fphIPTUX1vAZ4o6hxjSCicFaZeXpvYGly9XOOdx5VZMy8lVBpI6Fk5AT0AK28xdcfhg%3D%3D","storageSource":{"bucket":"gcf-v2-uploads-83155172875.europe-west1.cloudfunctions.appspot.com","object":"0d076734-a8d7-4ea1-8a95-cf2b497a4898.zip"}}
[debug] [2026-03-24T16:50:50.600Z] >>> [apiv2][query] PUT https://storage.googleapis.com/gcf-v2-uploads-83155172875.europe-west1.cloudfunctions.appspot.com/0d076734-a8d7-4ea1-8a95-cf2b497a4898.zip GoogleAccessId=service-83155172875%40gcf-admin-robot.iam.gserviceaccount.com&Expires=1774372850&Signature=bT%2FY6j1WAUtRvGideeYPwF8NnFNTCoNy6S%2FuQr5E8E%2BGDOxg%2F0p%2BT4rNNb%2FLO59N3f%2BwIy9vksFg%2BUiBzcl6WZAzBsr2iEjmlNYdtI7ITl%2F9BRLDsD%2F3tMO%2Bgu0Vt%2Fiqu7HHCzmeyIezm%2Bw8bKnTBHP6r3ja0TuKTC06LN7kL%2BTLipivJGFQTvhifvpRNSeIsV1gQUslTBh3cU1UaS9via6yKx9dUohB87yNCMU173%2Btg3lGHa58Y13HJDn3ivntsAtMAsrFPPjt56sym62fphIPTUX1vAZ4o6hxjSCicFaZeXpvYGly9XOOdx5VZMy8lVBpI6Fk5AT0AK28xdcfhg%3D%3D
[debug] [2026-03-24T16:50:50.600Z] >>> [apiv2][body] PUT https://storage.googleapis.com/gcf-v2-uploads-83155172875.europe-west1.cloudfunctions.appspot.com/0d076734-a8d7-4ea1-8a95-cf2b497a4898.zip [stream]
[debug] [2026-03-24T16:51:04.854Z] <<< [apiv2][status] PUT https://storage.googleapis.com/gcf-v2-uploads-83155172875.europe-west1.cloudfunctions.appspot.com/0d076734-a8d7-4ea1-8a95-cf2b497a4898.zip 200
[debug] [2026-03-24T16:51:04.855Z] <<< [apiv2][body] PUT https://storage.googleapis.com/gcf-v2-uploads-83155172875.europe-west1.cloudfunctions.appspot.com/0d076734-a8d7-4ea1-8a95-cf2b497a4898.zip [omitted]
[info] ✔  functions: .firebase/echoops-65d4b/functions source uploaded successfully 
[info] i  hosting[echoops-65d4b]: beginning deploy... 
[info] i  hosting[echoops-65d4b]: found 160 files in .firebase/echoops-65d4b/hosting 
[debug] [2026-03-24T16:51:04.912Z] [hosting] uploading with 200 concurrency
[debug] [2026-03-24T16:51:05.102Z] Checked if tokens are valid: true, expires at: 1774374541946
[debug] [2026-03-24T16:51:05.102Z] Checked if tokens are valid: true, expires at: 1774374541946
[debug] [2026-03-24T16:51:05.103Z] [hosting] hash cache [LmZpcmViYXNlL2VjaG9vcHMtNjVkNGIvaG9zdGluZw] stored for 160 files
[debug] [2026-03-24T16:51:05.104Z] [hosting][hash queue][FINAL] {"max":182,"min":14,"avg":53.5875,"active":0,"complete":160,"success":160,"errored":0,"retried":0,"total":160,"elapsed":187}
[debug] [2026-03-24T16:51:05.104Z] >>> [apiv2][query] POST https://firebasehosting.googleapis.com/v1beta1/projects/83155172875/sites/echoops-65d4b/versions/64a96cf6e95a5e0f:populateFiles [none]
[debug] [2026-03-24T16:51:05.104Z] >>> [apiv2][body] POST https://firebasehosting.googleapis.com/v1beta1/projects/83155172875/sites/echoops-65d4b/versions/64a96cf6e95a5e0f:populateFiles {"files":{"/robots.txt":"8a9c5df6440803ec7ef8828b8fd45e446d40e199b2a4fd9466882b9ac27d23f7","/llms.txt":"13027156f173df382c0bd8c09035b474b640f93d43fa75c026c3e6474cc4c6c4","/settings.html":"3748f9d279de4284bfaf290932e25559ee4ffcc77c469a375cecff24f9e04ce3","/favicon.png":"4264a4d67cb1bcd7e26f61cab4ede1ab55d56e60c06d855a7d2c071825cbeca3","/test-email.html":"3cc9c9b5d2d1807fbc585d21e355b052996fe5219ba83e082f09002bf48ba384","/terms.html":"5f57567f14e3a164133f37a8cad396c0684656952112567ffd3bece1a7b6156d","/privacy.html":"766d0d0a0965372ab8a4d23d04059a6d78e4085cc2d4339c4b707ec575ae314b","/how-to.html":"e09dcf66db3e349e8ec7f1c5a8d5402ee065f5a311ab1e36dc2b8a7c000b5eed","/projects/azure.html":"4c49010c2012971d480c9216d1c20e603aacff24fbcc476eec4d706555e6d964","/404.html":"dca6c6168fd15a68e55591e8bf6d29e6ec6b6694f0bc7814955ffa824631a3d2","/about.html":"14a4c15438d6180e04729fd1c9408f7bf6917d41f7d187717d9105e68e5bd487","/favicon/ms-icon-70x70.png":"e0f652750d80cbd82ecc84d4191486252e06b8922c9f50ad158c5922306cee07","/favicon/manifest.json":"1e2e1b932cff7a02fc790c37010df6b8690afe41d2a9a2d06b05fedde95e177d","/favicon/favicon-32x32.png":"9a0836dfe699bdea1f76d7fe7b22602634a78351ff357e6ddbd768e8c4afd18c","/favicon/favicon-16x16.png":"47de3b3b9634b63d683c17843da146b79e76efccafe281591544d94bed773115","/favicon/browserconfig.xml":"df5627dbcada20a6ce31ffdc532ecc4d246e7ee776645c2c79d754fafc2abdf7","/favicon/apple-icon-76x76.png":"17cac8d72153f3755292dbbbe38b91751c47f0655f71a4f4426b4902c91b8862","/favicon/apple-icon-72x72.png":"454a4b8e35ad3f25c2c4e1b87c8234301ac7471507b6358ad7d5c07f6b340cac","/favicon/favicon.ico":"1237c4f7f3db37c36eb8ccff84d213cda9f0b5493df53f418d1b7d469ff9e01a","/favicon/apple-icon-60x60.png":"ea21b55a706ad6fb88194a0337d38c299f280e85642b6ec896b123e3ef755a4d","/favicon/android-icon-72x72.png":"454a4b8e35ad3f25c2c4e1b87c8234301ac7471507b6358ad7d5c07f6b340cac","/favicon/android-icon-48x48.png":"3be6d21aed9df0154beee4d564259d10d2ac861f95d448e6f27e3dec10430b71","/favicon/android-icon-36x36.png":"0822885be1f065a9ba7e5d9fb1b2e4a74ea58f699c59339d4049e92dcd05ba76","/auth/signin.html":"76ec81bdf59bfdb0f38ee4d46ecbb4c50bbe092a9445138d04fdbb46a484f513","/auth/signout.html":"b1de0847742b85edddfccadb014d03c54f3b366d63ff512df5afcadea0ecd2d6","/_next/static/media/f911b923c6adde36-s.woff2":"50eddb1bbbc480a29d67ce0fe19116d84f4b31458b0ae43aa71eceae22831cc7","/auth/signup.html":"46c2c32fd3023f6886bd8434ee94b8dff79773ad058de6415832b2013f43d741","/favicon/apple-icon-57x57.png":"ffed0a4328cd3ca437a84a786a7f319d3471e38c52343bf14b22c729bd825cad","/auth/error.html":"f186e7b1f600fad7211865a1aafbda58522448c2e6ac442daf94505b94be6616","/favicon/favicon-96x96.png":"6340ba879023569ce547853855fb793d7d16568a4fffb90277a6696e297bd8ab","/favicon/ms-icon-144x144.png":"c92a7627cbf1b03cd9d87a4211983be2b6e13d05fb2229a6b9edad0d0af2c0d7","/favicon/apple-icon-120x120.png":"9485673c59b247019f35d5c464d207ed16662b0edca4fc9e77c0be063ae0b864","/auth/verify-email.html":"7ed74c70f0c91527f1d041fe6b09baf54bceada4e56d876ef47517dae8f473cb","/favicon/apple-icon-144x144.png":"c92a7627cbf1b03cd9d87a4211983be2b6e13d05fb2229a6b9edad0d0af2c0d7","/favicon/apple-icon-114x114.png":"2cb93b22dd59660025d39df87256440e41b1be1ddd9a1b36dfe2a1296ae10b76","/favicon/android-icon-96x96.png":"6340ba879023569ce547853855fb793d7d16568a4fffb90277a6696e297bd8ab","/favicon/android-icon-144x144.png":"c92a7627cbf1b03cd9d87a4211983be2b6e13d05fb2229a6b9edad0d0af2c0d7","/favicon/ms-icon-150x150.png":"6858d5067dafdd57d1e722d06511a75e120f1950e66545e24c546384c265ab52","/favicon/apple-icon.png":"2f413c10f264e55693c46643823d8005cadbfe40f1e3d00ed2c75a6d45ed53c8","/favicon/apple-icon-precomposed.png":"2f413c10f264e55693c46643823d8005cadbfe40f1e3d00ed2c75a6d45ed53c8","/favicon/apple-icon-152x152.png":"37929f6c0be1585a92018ec45644d81fdb527be916637bfdae63cf1f1d41aa6d","/favicon/apple-icon-180x180.png":"2f413c10f264e55693c46643823d8005cadbfe40f1e3d00ed2c75a6d45ed53c8","/favicon/android-icon-192x192.png":"df713d12066a04857e8be3f5d4ab83dabf2eae9dbe55e1a2137001d363d9f59d","/_next/static/media/e4af272ccee01ff0-s.p.woff2":"2741d128d13c30e1e6b703de198fb9a0ebcd001e0a8e46bad9e32dfd388c357b","/_next/static/media/df0a9ae256c0569c-s.woff2":"452e9417356ae0f138dead31eec404c2777d810cfb8a1b7934f7a4a619de5992","/_next/static/media/c5fe6dc8356a8c31-s.woff2":"85a49f18c048badcfe02e379fad4c9e9f49474ed05f94500ee59ebd181b25a4d","/_next/static/media/939c4f875ee75fbb-s.woff2":"ad67a50291258a04178dc9e1df5b1e4c9b0fa41920f7cf7b6b70b5d7a33356d9","/_next/static/media/886030b0b59bc5a7-s.woff2":"914894aa6f667552eef85f1b03b4dd7c1ec96edee2a44fe77b8fb3745ee3f597","/_next/static/media/67957d42bae0796d-s.woff2":"539d112dc579f1059de01589db9f2ce7713081b8468f68204bb454f423485319","/_next/static/media/630e0b819503bca7-s.woff2":"b86f9079788f532dc67822fe2f1281345bf2bdee3b3f70e2568e4d696c1abc2b","/_next/static/media/0aa834ed78bf6d07-s.woff2":"cf47eccbb8b9bd3bb9e082bbecbb0e112e2cd5ff8f6d7bbeffff9b3db64977f1","/_next/static/chunks/webpack-ccf9364592ad41da.js":"7beef0c6c0c2807ccaf55030df0a9c321d619f6a7566ea90f186c4262e7ba139","/_next/static/chunks/main-app-a185b9428315cfd0.js":"a8beaf4a1a82c05cb8695c0a26790a19e5d96d622b6959895f2ade9c993e613c","/_next/static/chunks/7425.44c8dd249bc82576.js":"8c255ce486169ff0519d384c1024bcdf4e4e57a7b8c6251d118fa4e3c0507e62","/_next/static/chunks/6874-1568e9030c870482.js":"a558bea5c8281ca6d176ff27dddc35b049fcebc1bcf7a3a3d892a5e1e7a51eec","/_next/static/chunks/6379-19cc25b80fa92ea8.js":"66824278c7eeface71d0ef3d9801844de8a4763b0980b096bdb5f2a729209581","/_next/static/chunks/3437-4f8572f44e30e4bf.js":"f0e6329f54e97ff8562637735ca7ce1e006d02bd4f0d7a69b27149a143d56bd1","/_next/static/chunks/3063-0da5b8dab0721c89.js":"0a34fde0781bd1a78e15fbd538902f5058354abf10a2d674a986b74b9deaf267","/_next/static/media/ba9851c3c22cd980-s.woff2":"1d65ab85b90d5c50a87fa2d04c0950779e28e8132328e006e92827f64595bc82","/_next/static/media/21350d82a1f187e9-s.woff2":"2ba5c8ccbd865d43025011c08de46c68cb8699d9c41de5b492178dc0ce17ef43","/_next/static/media/19cfc7226ec3afaa-s.woff2":"c09c820e4d253da13bc6410ebe0f686e71d07c403798321afd204228427b2b76","/_next/static/css/eea4132444f20b5b.css":"73177212060786a1c6962dd2a69e41ef1b6c7fce60a61c0921b6a888e3c130d0","/_next/static/chunks/1834-1ddc589202c9d958.js":"b4958114cd99286e9c318670a9d1decb612471a8d2c1ef1e638fdc61c37f18de","/_next/static/chunks/pages/_error-3b2a1d523de49635.js":"fa32cb7dc13be87636a6e714c1b5e163ca78ac5907f4fc7ccad143c96489ef1e","/_next/static/chunks/pages/_app-5d1abe03d322390c.js":"74eea537d8499166ffc6fa716926b044d3c1660a25441d9d4efda76bc1cb9383","/_next/static/chunks/app/page-dddab49c51e0fb5d.js":"e230b51e87ae3dcedf2bca1e3983ecf8a98af2d8222717c029823b0c1d364870","/_next/static/chunks/app/not-found-d36f5f3c3b407d84.js":"921c84bd6fb3a05772d031fbfb621ecd949f336cda8b087524825b319224e2f5","/_next/static/chunks/app/layout-fa066cada8739331.js":"13a77304484746833cc63fe5438264a1238b8ea44e57914328a562479d80bfb6","/_next/static/chunks/app/test-email/page-635aa5c507f47951.js":"175136f6e19c124637605e6f647be0eaf24256b2579bbf4111da127e4ebd3872","/_next/static/chunks/9228-456097dabddd569b.js":"ee5a560523ba4cf25f17569a719983edfa0545e155665d15f62c68e2c70e38c5","/_next/static/media/6eed223b32d97b82-s.woff2":"85aeb313236af149aae812850f92207d167a17ce4276313deefec6cb37989052","/_next/static/media/793968fa3513f5d6-s.p.woff2":"a554869f336ed61230589aa8e454e2779668e753814f26f55825977785c174e3","/_next/static/chunks/app/terms/page-2af462d3aeb14907.js":"921c84bd6fb3a05772d031fbfb621ecd949f336cda8b087524825b319224e2f5","/_next/static/media/bb3ef058b751a6ad-s.p.woff2":"92fb144e49dd2e6887e511eac8045131067352703fc93c3a548641f92a36a22d","/_next/static/chunks/app/sitemap.xml/route-633de0c83c7a33b3.js":"6a44bf7bfb2f4b7d3087a1ea4abf54c653f163657f6581bbcfd57a16eb16a2eb","/_next/static/chunks/app/settings/page-15032611c12e7d37.js":"f1bbea1c67ecc2faf04f3c69f902bd1c8ed18f2f25f04544c74ff2733d3032a4","/_next/static/chunks/app/robots.txt/route-d78d36f782d79845.js":"6a44bf7bfb2f4b7d3087a1ea4abf54c653f163657f6581bbcfd57a16eb16a2eb","/_next/static/chunks/app/projects/azure/page-dcefd72fc10e46b1.js":"2aa838c7134a5a62d101e547dd88d376ea1fa01a5217f664ee135214f7dff535","/_next/static/chunks/app/projects/[projectId]/weekly-hours/page-64df8724e6d5b826.js":"12a0c9154db1667f437609f1aba967e90b76fb65ef3818e2b65a9b8d31aba270","/favicon/ms-icon-310x310.png":"31494ef1ff65c6de887de0a004541df2911773c9c888d438a535ec25ede37598","/_next/static/chunks/3b8e57c5-ac0b3d92e5edbb02.js":"ef583614c6aee7dd37bca848e7202deb41e61a23858ef0327b7af56b09d33a1b","/_next/static/chunks/polyfills-42372ed130431b0a.js":"45b36f93bb08c52e360d14b0e8449c88770aa8cf5d59bff1c76cbe6e198fe7c5","/_next/static/chunks/app/projects/[projectId]/settings/page-b0c05d5a8d65f45d.js":"80a66bb1005284b376472e6186048f4a4a60653c87304cb04ef7ad9c4b526cbb","/_next/static/chunks/main-872fc13e1fdc1c05.js":"dcb91bdc90a7de5349b62f7f2239945d89e22c7126a4ac784a935034efc323e1","/_next/static/chunks/app/privacy/page-e7b6bf6eab8c4219.js":"921c84bd6fb3a05772d031fbfb621ecd949f336cda8b087524825b319224e2f5","/_next/static/chunks/app/how-to/page-887ff50ecac41a6b.js":"921c84bd6fb3a05772d031fbfb621ecd949f336cda8b087524825b319224e2f5","/_next/static/chunks/app/dashboard/page-b2546355022c2b7a.js":"e4b87516620c64f5b5d48bf9e3567f315685294fc189322bed545d54b1e25c62","/_next/static/chunks/app/blog/page-87afdf592a30ed82.js":"e230b51e87ae3dcedf2bca1e3983ecf8a98af2d8222717c029823b0c1d364870","/_next/static/chunks/app/blog/tag/[tag]/page-d99e21658f340747.js":"d9cf33d47d2506aa9a510c1550cb4c5f632603170e9ece6963dcbbdc94d9c792","/_next/static/chunks/app/blog/[slug]/page-2d9f161b67f9f732.js":"d9cf33d47d2506aa9a510c1550cb4c5f632603170e9ece6963dcbbdc94d9c792","/_next/static/chunks/app/auth/verify-email/page-9009a789fb1553ae.js":"bc1176038b8d23211f3ec20029cb3e863264a0214e536128362f4726442560b2","/_next/static/chunks/app/auth/signup/page-dfdc70344ad08a93.js":"cd5cef1492ea54d97baff265036feab5f73cef56a9898c6091a5abd7df7af15d","/_next/static/chunks/app/auth/signout/page-3cbfb4be8eebdf09.js":"c801c55b160131c8c2c52c57e4f78dc72a0d87d0b8d170eacb711c08071cc7a8","/Hand.png":"5af18cb53b53b10ef9e5acf3cca3a4b9e121ce06aeecdebbf10d450c2ed79a30","/_next/static/chunks/app/projects/[projectId]/page-a70a040decb53e5e.js":"196fc63afb53b7672d914fd3dc41783e72051eefa0caa695da0153d2ff45b695","/_next/static/chunks/app/auth/signin/page-8a227ecd0b320de2.js":"b1331255658fd959e290f9d7dbdcf65e993892aa0c1fb526f96521feebc76d72","/_next/static/chunks/app/auth/error/page-c2036f775c40426e.js":"8265c7988c4f25096b65479e5a9238746ce667ded72c17854b76a1847321b8d4","/_next/static/chunks/app/api/user/theme/route-3328686bd9c4e967.js":"6a44bf7bfb2f4b7d3087a1ea4abf54c653f163657f6581bbcfd57a16eb16a2eb","/_next/static/chunks/app/api/user/profile/route-64c874b5766a6372.js":"6a44bf7bfb2f4b7d3087a1ea4abf54c653f163657f6581bbcfd57a16eb16a2eb","/_next/static/chunks/app/api/user/fix-missing-data/route-fe4453621cec0d55.js":"6a44bf7bfb2f4b7d3087a1ea4abf54c653f163657f6581bbcfd57a16eb16a2eb","/_next/static/chunks/app/api/user/direct-fix/route-bdc7a6a0c5d5a6b7.js":"6a44bf7bfb2f4b7d3087a1ea4abf54c653f163657f6581bbcfd57a16eb16a2eb","/_next/static/chunks/app/api/user/debug/route-c08766091cd17fb6.js":"6a44bf7bfb2f4b7d3087a1ea4abf54c653f163657f6581bbcfd57a16eb16a2eb","/_next/static/chunks/app/api/states/route-3546361d39dd49ce.js":"6a44bf7bfb2f4b7d3087a1ea4abf54c653f163657f6581bbcfd57a16eb16a2eb","/_next/static/chunks/app/api/settings/route-644d6175aba31672.js":"6a44bf7bfb2f4b7d3087a1ea4abf54c653f163657f6581bbcfd57a16eb16a2eb","/_next/static/chunks/app/api/settings/verify-ado/route-8ca56482b1c134ca.js":"6a44bf7bfb2f4b7d3087a1ea4abf54c653f163657f6581bbcfd57a16eb16a2eb","/_next/static/chunks/app/api/settings/test-ai/route-624f82702728f1a9.js":"6a44bf7bfb2f4b7d3087a1ea4abf54c653f163657f6581bbcfd57a16eb16a2eb","/_next/static/chunks/app/api/settings/saml/route-58caefe51c179811.js":"6a44bf7bfb2f4b7d3087a1ea4abf54c653f163657f6581bbcfd57a16eb16a2eb","/_next/static/chunks/app/api/settings/organization/route-aa50dd1c2104dbbf.js":"6a44bf7bfb2f4b7d3087a1ea4abf54c653f163657f6581bbcfd57a16eb16a2eb","/_next/static/chunks/app/api/settings/ai-provider/route-1cc2600c9910bf11.js":"6a44bf7bfb2f4b7d3087a1ea4abf54c653f163657f6581bbcfd57a16eb16a2eb","/_next/static/chunks/app/api/settings/ai-agent/route-d18047c2856d7e7d.js":"6a44bf7bfb2f4b7d3087a1ea4abf54c653f163657f6581bbcfd57a16eb16a2eb","/_next/static/chunks/app/api/settings/ado/route-e79bab26b6b60cf5.js":"6a44bf7bfb2f4b7d3087a1ea4abf54c653f163657f6581bbcfd57a16eb16a2eb","/_next/static/chunks/app/api/seed/states/route-9012af7d75049194.js":"6a44bf7bfb2f4b7d3087a1ea4abf54c653f163657f6581bbcfd57a16eb16a2eb","/_next/static/chunks/app/api/projects/tags/route-b3e54659b982d3e6.js":"6a44bf7bfb2f4b7d3087a1ea4abf54c653f163657f6581bbcfd57a16eb16a2eb","/_next/static/chunks/app/api/projects/ado/route-02749863475a24b6.js":"6a44bf7bfb2f4b7d3087a1ea4abf54c653f163657f6581bbcfd57a16eb16a2eb","/_next/static/chunks/app/api/projects/ado/[projectId]/route-1ebe6b9f87bb7502.js":"6a44bf7bfb2f4b7d3087a1ea4abf54c653f163657f6581bbcfd57a16eb16a2eb","/_next/static/media/8e9860b6e62d6359-s.woff2":"2747320765ba692ad124b7f75340a32d6e4bdbce494bf929f0fbc9abc9977e8f","/_next/static/chunks/1684-f58a7978e918102d.js":"994e8820b4f107229f66fabce248d08ebf36cd5bb543dac6d3f05e7bd2506594","/_next/static/chunks/framework-82b67a6346ddd02b.js":"45edea6c5569a590ca251bab6f54710ea81202de8289a19c2b3dcd427e06be6d","/_next/static/chunks/app/api/projects/[projectId]/route-5366274b155c59f2.js":"6a44bf7bfb2f4b7d3087a1ea4abf54c653f163657f6581bbcfd57a16eb16a2eb","/_next/static/chunks/app/api/projects/[projectId]/weekly-hours/route-115ae2c4dac6e2a6.js":"6a44bf7bfb2f4b7d3087a1ea4abf54c653f163657f6581bbcfd57a16eb16a2eb","/_next/static/chunks/app/api/projects/[projectId]/webhook-config/route-85fd3bd47278acbd.js":"6a44bf7bfb2f4b7d3087a1ea4abf54c653f163657f6581bbcfd57a16eb16a2eb","/chat.png":"4cce98665d2245e604b7036db2582a3d7c8f8643bd7bd56f5424a7272c3e0991","/_next/static/chunks/app/api/projects/[projectId]/tags/route-868056db5544df80.js":"6a44bf7bfb2f4b7d3087a1ea4abf54c653f163657f6581bbcfd57a16eb16a2eb","/_next/static/chunks/4bd1b696-ec63d4dbc9566966.js":"826fb4bceb94da1995b9da938e3f4bd662324ade1511336baf6a32aeaaada9d6","/_next/static/chunks/app/api/projects/[projectId]/members/route-30eaf3c5a86d292c.js":"6a44bf7bfb2f4b7d3087a1ea4abf54c653f163657f6581bbcfd57a16eb16a2eb","/_next/static/chunks/app/api/projects/[projectId]/members/[userId]/route-d17c5346b9d8772f.js":"6a44bf7bfb2f4b7d3087a1ea4abf54c653f163657f6581bbcfd57a16eb16a2eb","/_next/static/chunks/app/api/projects/[projectId]/members/[userId]/weekly-hours/route-4fa8c2667759dfd4.js":"6a44bf7bfb2f4b7d3087a1ea4abf54c653f163657f6581bbcfd57a16eb16a2eb","/_next/static/chunks/app/api/projects/[projectId]/manager/route-6f2626016c11d4df.js":"6a44bf7bfb2f4b7d3087a1ea4abf54c653f163657f6581bbcfd57a16eb16a2eb","/_next/static/chunks/app/api/projects/[projectId]/ai-jobs/route-106a144ee7ff835c.js":"6a44bf7bfb2f4b7d3087a1ea4abf54c653f163657f6581bbcfd57a16eb16a2eb","/_next/static/chunks/app/api/projects/[projectId]/ai-jobs/retry/route-02e8e5a13947907a.js":"6a44bf7bfb2f4b7d3087a1ea4abf54c653f163657f6581bbcfd57a16eb16a2eb","/_next/static/chunks/app/api/email/verify/route-84b67ab67f66501e.js":"6a44bf7bfb2f4b7d3087a1ea4abf54c653f163657f6581bbcfd57a16eb16a2eb","/_next/static/chunks/app/api/email/send-verification/route-616e24b45044af5a.js":"6a44bf7bfb2f4b7d3087a1ea4abf54c653f163657f6581bbcfd57a16eb16a2eb","/_next/static/chunks/app/api/email/send/route-9d124d6bcbb89849.js":"6a44bf7bfb2f4b7d3087a1ea4abf54c653f163657f6581bbcfd57a16eb16a2eb","/_next/static/chunks/app/api/auth/lookup-domain/route-f80b3c3f24c19aa9.js":"6a44bf7bfb2f4b7d3087a1ea4abf54c653f163657f6581bbcfd57a16eb16a2eb","/_next/static/chunks/app/api/auth/ensure-user/route-030fde12504bd949.js":"6a44bf7bfb2f4b7d3087a1ea4abf54c653f163657f6581bbcfd57a16eb16a2eb","/_next/static/chunks/app/api/ai/execute/route-773182851a43f9cf.js":"6a44bf7bfb2f4b7d3087a1ea4abf54c653f163657f6581bbcfd57a16eb16a2eb","/_next/static/chunks/app/api/ai/execute/[jobId]/route-5362b3c7d330eda1.js":"6a44bf7bfb2f4b7d3087a1ea4abf54c653f163657f6581bbcfd57a16eb16a2eb","/_next/static/chunks/app/api/ai/agent-config/route-4d253dfb542709b8.js":"6a44bf7bfb2f4b7d3087a1ea4abf54c653f163657f6581bbcfd57a16eb16a2eb","/_next/static/chunks/app/api/ado/route-899a7ff374bc9474.js":"6a44bf7bfb2f4b7d3087a1ea4abf54c653f163657f6581bbcfd57a16eb16a2eb","/_next/static/chunks/app/api/ado/webhook/route-826cc28ff67760a0.js":"6a44bf7bfb2f4b7d3087a1ea4abf54c653f163657f6581bbcfd57a16eb16a2eb","/_next/static/chunks/app/api/ado/webhook/test/route-dde70f41514239a6.js":"6a44bf7bfb2f4b7d3087a1ea4abf54c653f163657f6581bbcfd57a16eb16a2eb","/_next/static/chunks/app/api/ado/webhook/signature-debug/route-4698cf8d1fc55529.js":"6a44bf7bfb2f4b7d3087a1ea4abf54c653f163657f6581bbcfd57a16eb16a2eb","/_next/static/chunks/app/api/ado/webhook/diagnose/route-1f8a45f787498fe4.js":"6a44bf7bfb2f4b7d3087a1ea4abf54c653f163657f6581bbcfd57a16eb16a2eb","/_next/static/chunks/app/api/ado/sync-project/route-1ebcbca60e7d2c15.js":"6a44bf7bfb2f4b7d3087a1ea4abf54c653f163657f6581bbcfd57a16eb16a2eb","/_next/static/chunks/app/api/ado/sync-members/route-ba6a3e498377ef55.js":"6a44bf7bfb2f4b7d3087a1ea4abf54c653f163657f6581bbcfd57a16eb16a2eb","/_next/static/chunks/app/api/ado/projects/[projectId]/teams/route-59a4f6e5c8b0b387.js":"6a44bf7bfb2f4b7d3087a1ea4abf54c653f163657f6581bbcfd57a16eb16a2eb","/_next/static/chunks/app/api/ado/projects/route-9aa5d1d121adc1a6.js":"6a44bf7bfb2f4b7d3087a1ea4abf54c653f163657f6581bbcfd57a16eb16a2eb","/_next/static/chunks/app/api/ado/projects/[projectId]/teams/[teamId]/members/route-7aea0302fe28573f.js":"6a44bf7bfb2f4b7d3087a1ea4abf54c653f163657f6581bbcfd57a16eb16a2eb","/_next/static/chunks/app/api/ado/projects/[projectId]/repos/route-ba24b72858b380d7.js":"6a44bf7bfb2f4b7d3087a1ea4abf54c653f163657f6581bbcfd57a16eb16a2eb","/_next/static/chunks/app/api/ado/debug-sync/route-f4b789bd3769581a.js":"6a44bf7bfb2f4b7d3087a1ea4abf54c653f163657f6581bbcfd57a16eb16a2eb","/_next/static/chunks/app/api/ado/config/route-0fdb23376099dae2.js":"6a44bf7bfb2f4b7d3087a1ea4abf54c653f163657f6581bbcfd57a16eb16a2eb","/_next/static/chunks/app/api/ado/comprehensive-sync/route-6dccd8214c144cb7.js":"6a44bf7bfb2f4b7d3087a1ea4abf54c653f163657f6581bbcfd57a16eb16a2eb","/_next/static/chunks/app/about/page-3ea35ea3089425b7.js":"921c84bd6fb3a05772d031fbfb621ecd949f336cda8b087524825b319224e2f5","/_next/static/chunks/app/_not-found/page-9cfa67486fd56cc8.js":"6a44bf7bfb2f4b7d3087a1ea4abf54c653f163657f6581bbcfd57a16eb16a2eb","/_next/static/a2GScX3aJ4UDohnFDQuct/_ssgManifest.js":"8651b6d1446e5e3a874d8771b49c05b22324807a2bf730d5d450f6ca8a72f7da","/_next/static/a2GScX3aJ4UDohnFDQuct/_buildManifest.js":"871b2534213589bc9c889776bca4367646395d1255f6294313e7b34130978a52","/doc.png":"9ffe1b851d8d859b285c891c8c1607bf999c56d8a4c860db10301b13d96a0039","/Diagram.png":"303c16a53f5685961f4a5c10a50e8db280e70264f1546d62396a46572fd541fd","/_next/static/chunks/7792.687505302de903b0.js":"bee7009e3fa8543c4962076548ad466a57f70ee30f66bf07990389623d1e0c05","/EchoOps logo.png":"c11a48ff51606966e8c08c414b9cdb3bfe81ae6a1b474dc73116c7549a97b444"}}
[debug] [2026-03-24T16:51:06.665Z] <<< [apiv2][status] POST https://firebasehosting.googleapis.com/v1beta1/projects/83155172875/sites/echoops-65d4b/versions/64a96cf6e95a5e0f:populateFiles 200
[debug] [2026-03-24T16:51:06.665Z] <<< [apiv2][body] POST https://firebasehosting.googleapis.com/v1beta1/projects/83155172875/sites/echoops-65d4b/versions/64a96cf6e95a5e0f:populateFiles {"uploadRequiredHashes":["c801c55b160131c8c2c52c57e4f78dc72a0d87d0b8d170eacb711c08071cc7a8","175136f6e19c124637605e6f647be0eaf24256b2579bbf4111da127e4ebd3872","b1331255658fd959e290f9d7dbdcf65e993892aa0c1fb526f96521feebc76d72","b1de0847742b85edddfccadb014d03c54f3b366d63ff512df5afcadea0ecd2d6","766d0d0a0965372ab8a4d23d04059a6d78e4085cc2d4339c4b707ec575ae314b","f1bbea1c67ecc2faf04f3c69f902bd1c8ed18f2f25f04544c74ff2733d3032a4","2aa838c7134a5a62d101e547dd88d376ea1fa01a5217f664ee135214f7dff535","46c2c32fd3023f6886bd8434ee94b8dff79773ad058de6415832b2013f43d741","d9cf33d47d2506aa9a510c1550cb4c5f632603170e9ece6963dcbbdc94d9c792","871b2534213589bc9c889776bca4367646395d1255f6294313e7b34130978a52","cd5cef1492ea54d97baff265036feab5f73cef56a9898c6091a5abd7df7af15d","7ed74c70f0c91527f1d041fe6b09baf54bceada4e56d876ef47517dae8f473cb","196fc63afb53b7672d914fd3dc41783e72051eefa0caa695da0153d2ff45b695","3cc9c9b5d2d1807fbc585d21e355b052996fe5219ba83e082f09002bf48ba384","6a44bf7bfb2f4b7d3087a1ea4abf54c653f163657f6581bbcfd57a16eb16a2eb","f186e7b1f600fad7211865a1aafbda58522448c2e6ac442daf94505b94be6616","13a77304484746833cc63fe5438264a1238b8ea44e57914328a562479d80bfb6","13027156f173df382c0bd8c09035b474b640f93d43fa75c026c3e6474cc4c6c4","1e2e1b932cff7a02fc790c37010df6b8690afe41d2a9a2d06b05fedde95e177d","921c84bd6fb3a05772d031fbfb621ecd949f336cda8b087524825b319224e2f5","76ec81bdf59bfdb0f38ee4d46ecbb4c50bbe092a9445138d04fdbb46a484f513","4c49010c2012971d480c9216d1c20e603aacff24fbcc476eec4d706555e6d964","e09dcf66db3e349e8ec7f1c5a8d5402ee065f5a311ab1e36dc2b8a7c000b5eed","dca6c6168fd15a68e55591e8bf6d29e6ec6b6694f0bc7814955ffa824631a3d2","8c255ce486169ff0519d384c1024bcdf4e4e57a7b8c6251d118fa4e3c0507e62","8651b6d1446e5e3a874d8771b49c05b22324807a2bf730d5d450f6ca8a72f7da","e4b87516620c64f5b5d48bf9e3567f315685294fc189322bed545d54b1e25c62","3748f9d279de4284bfaf290932e25559ee4ffcc77c469a375cecff24f9e04ce3","7beef0c6c0c2807ccaf55030df0a9c321d619f6a7566ea90f186c4262e7ba139","e230b51e87ae3dcedf2bca1e3983ecf8a98af2d8222717c029823b0c1d364870","73177212060786a1c6962dd2a69e41ef1b6c7fce60a61c0921b6a888e3c130d0","14a4c15438d6180e04729fd1c9408f7bf6917d41f7d187717d9105e68e5bd487","8a9c5df6440803ec7ef8828b8fd45e446d40e199b2a4fd9466882b9ac27d23f7","5f57567f14e3a164133f37a8cad396c0684656952112567ffd3bece1a7b6156d"],"uploadUrl":"https://upload-firebasehosting.googleapis.com/upload/sites/echoops-65d4b/versions/64a96cf6e95a5e0f/files"}
[debug] [2026-03-24T16:51:06.666Z] Checked if tokens are valid: true, expires at: 1774374541946
[debug] [2026-03-24T16:51:06.666Z] Checked if tokens are valid: true, expires at: 1774374541946
[debug] [2026-03-24T16:51:06.666Z] Checked if tokens are valid: true, expires at: 1774374541946
[debug] [2026-03-24T16:51:06.666Z] Checked if tokens are valid: true, expires at: 1774374541946
[debug] [2026-03-24T16:51:06.666Z] Checked if tokens are valid: true, expires at: 1774374541946
[debug] [2026-03-24T16:51:06.666Z] Checked if tokens are valid: true, expires at: 1774374541946
[debug] [2026-03-24T16:51:06.666Z] Checked if tokens are valid: true, expires at: 1774374541946
[debug] [2026-03-24T16:51:06.666Z] Checked if tokens are valid: true, expires at: 1774374541946
[debug] [2026-03-24T16:51:06.666Z] Checked if tokens are valid: true, expires at: 1774374541946
[debug] [2026-03-24T16:51:06.666Z] Checked if tokens are valid: true, expires at: 1774374541946
[debug] [2026-03-24T16:51:06.666Z] Checked if tokens are valid: true, expires at: 1774374541946
[debug] [2026-03-24T16:51:06.666Z] Checked if tokens are valid: true, expires at: 1774374541946
[debug] [2026-03-24T16:51:06.666Z] Checked if tokens are valid: true, expires at: 1774374541946
[debug] [2026-03-24T16:51:06.666Z] Checked if tokens are valid: true, expires at: 1774374541946
[debug] [2026-03-24T16:51:06.666Z] Checked if tokens are valid: true, expires at: 1774374541946
[debug] [2026-03-24T16:51:06.666Z] Checked if tokens are valid: true, expires at: 1774374541946
[debug] [2026-03-24T16:51:06.667Z] Checked if tokens are valid: true, expires at: 1774374541946
[debug] [2026-03-24T16:51:06.667Z] Checked if tokens are valid: true, expires at: 1774374541946
[debug] [2026-03-24T16:51:06.667Z] Checked if tokens are valid: true, expires at: 1774374541946
[debug] [2026-03-24T16:51:06.667Z] Checked if tokens are valid: true, expires at: 1774374541946
[debug] [2026-03-24T16:51:06.667Z] Checked if tokens are valid: true, expires at: 1774374541946
[debug] [2026-03-24T16:51:06.667Z] Checked if tokens are valid: true, expires at: 1774374541946
[debug] [2026-03-24T16:51:06.667Z] Checked if tokens are valid: true, expires at: 1774374541946
[debug] [2026-03-24T16:51:06.667Z] Checked if tokens are valid: true, expires at: 1774374541946
[debug] [2026-03-24T16:51:06.667Z] Checked if tokens are valid: true, expires at: 1774374541946
[debug] [2026-03-24T16:51:06.667Z] Checked if tokens are valid: true, expires at: 1774374541946
[debug] [2026-03-24T16:51:06.667Z] Checked if tokens are valid: true, expires at: 1774374541946
[debug] [2026-03-24T16:51:06.667Z] Checked if tokens are valid: true, expires at: 1774374541946
[debug] [2026-03-24T16:51:06.667Z] Checked if tokens are valid: true, expires at: 1774374541946
[debug] [2026-03-24T16:51:06.667Z] Checked if tokens are valid: true, expires at: 1774374541946
[debug] [2026-03-24T16:51:06.667Z] Checked if tokens are valid: true, expires at: 1774374541946
[debug] [2026-03-24T16:51:06.668Z] Checked if tokens are valid: true, expires at: 1774374541946
[debug] [2026-03-24T16:51:06.668Z] Checked if tokens are valid: true, expires at: 1774374541946
[debug] [2026-03-24T16:51:06.668Z] Checked if tokens are valid: true, expires at: 1774374541946
[debug] [2026-03-24T16:51:06.668Z] Checked if tokens are valid: true, expires at: 1774374541946
[debug] [2026-03-24T16:51:06.668Z] Checked if tokens are valid: true, expires at: 1774374541946
[debug] [2026-03-24T16:51:06.668Z] Checked if tokens are valid: true, expires at: 1774374541946
[debug] [2026-03-24T16:51:06.668Z] Checked if tokens are valid: true, expires at: 1774374541946
[debug] [2026-03-24T16:51:06.668Z] Checked if tokens are valid: true, expires at: 1774374541946
[debug] [2026-03-24T16:51:06.668Z] Checked if tokens are valid: true, expires at: 1774374541946
[debug] [2026-03-24T16:51:06.668Z] Checked if tokens are valid: true, expires at: 1774374541946
[debug] [2026-03-24T16:51:06.668Z] Checked if tokens are valid: true, expires at: 1774374541946
[debug] [2026-03-24T16:51:06.668Z] Checked if tokens are valid: true, expires at: 1774374541946
[debug] [2026-03-24T16:51:06.668Z] Checked if tokens are valid: true, expires at: 1774374541946
[debug] [2026-03-24T16:51:06.668Z] Checked if tokens are valid: true, expires at: 1774374541946
[debug] [2026-03-24T16:51:06.668Z] Checked if tokens are valid: true, expires at: 1774374541946
[debug] [2026-03-24T16:51:06.668Z] Checked if tokens are valid: true, expires at: 1774374541946
[debug] [2026-03-24T16:51:06.669Z] Checked if tokens are valid: true, expires at: 1774374541946
[debug] [2026-03-24T16:51:06.670Z] Checked if tokens are valid: true, expires at: 1774374541946
[debug] [2026-03-24T16:51:06.670Z] Checked if tokens are valid: true, expires at: 1774374541946
[debug] [2026-03-24T16:51:06.670Z] Checked if tokens are valid: true, expires at: 1774374541946
[debug] [2026-03-24T16:51:06.670Z] Checked if tokens are valid: true, expires at: 1774374541946
[debug] [2026-03-24T16:51:06.670Z] Checked if tokens are valid: true, expires at: 1774374541946
[debug] [2026-03-24T16:51:06.670Z] Checked if tokens are valid: true, expires at: 1774374541946
[debug] [2026-03-24T16:51:06.670Z] Checked if tokens are valid: true, expires at: 1774374541946
[debug] [2026-03-24T16:51:06.670Z] Checked if tokens are valid: true, expires at: 1774374541946
[debug] [2026-03-24T16:51:06.670Z] Checked if tokens are valid: true, expires at: 1774374541946
[debug] [2026-03-24T16:51:06.670Z] Checked if tokens are valid: true, expires at: 1774374541946
[debug] [2026-03-24T16:51:06.670Z] Checked if tokens are valid: true, expires at: 1774374541946
[debug] [2026-03-24T16:51:06.670Z] Checked if tokens are valid: true, expires at: 1774374541946
[debug] [2026-03-24T16:51:06.670Z] Checked if tokens are valid: true, expires at: 1774374541946
[debug] [2026-03-24T16:51:06.670Z] Checked if tokens are valid: true, expires at: 1774374541946
[debug] [2026-03-24T16:51:06.671Z] Checked if tokens are valid: true, expires at: 1774374541946
[debug] [2026-03-24T16:51:06.671Z] Checked if tokens are valid: true, expires at: 1774374541946
[debug] [2026-03-24T16:51:06.671Z] Checked if tokens are valid: true, expires at: 1774374541946
[debug] [2026-03-24T16:51:06.671Z] Checked if tokens are valid: true, expires at: 1774374541946
[debug] [2026-03-24T16:51:06.671Z] Checked if tokens are valid: true, expires at: 1774374541946
[debug] [2026-03-24T16:51:06.671Z] Checked if tokens are valid: true, expires at: 1774374541946
[debug] [2026-03-24T16:51:06.671Z] >>> [apiv2][query] POST https://upload-firebasehosting.googleapis.com/upload/sites/echoops-65d4b/versions/64a96cf6e95a5e0f/files/c801c55b160131c8c2c52c57e4f78dc72a0d87d0b8d170eacb711c08071cc7a8 [none]
[debug] [2026-03-24T16:51:06.671Z] >>> [apiv2][body] POST https://upload-firebasehosting.googleapis.com/upload/sites/echoops-65d4b/versions/64a96cf6e95a5e0f/files/c801c55b160131c8c2c52c57e4f78dc72a0d87d0b8d170eacb711c08071cc7a8 [stream]
[debug] [2026-03-24T16:51:06.672Z] >>> [apiv2][query] POST https://upload-firebasehosting.googleapis.com/upload/sites/echoops-65d4b/versions/64a96cf6e95a5e0f/files/175136f6e19c124637605e6f647be0eaf24256b2579bbf4111da127e4ebd3872 [none]
[debug] [2026-03-24T16:51:06.672Z] >>> [apiv2][body] POST https://upload-firebasehosting.googleapis.com/upload/sites/echoops-65d4b/versions/64a96cf6e95a5e0f/files/175136f6e19c124637605e6f647be0eaf24256b2579bbf4111da127e4ebd3872 [stream]
[debug] [2026-03-24T16:51:06.673Z] >>> [apiv2][query] POST https://upload-firebasehosting.googleapis.com/upload/sites/echoops-65d4b/versions/64a96cf6e95a5e0f/files/b1331255658fd959e290f9d7dbdcf65e993892aa0c1fb526f96521feebc76d72 [none]
[debug] [2026-03-24T16:51:06.673Z] >>> [apiv2][body] POST https://upload-firebasehosting.googleapis.com/upload/sites/echoops-65d4b/versions/64a96cf6e95a5e0f/files/b1331255658fd959e290f9d7dbdcf65e993892aa0c1fb526f96521feebc76d72 [stream]
[debug] [2026-03-24T16:51:06.674Z] >>> [apiv2][query] POST https://upload-firebasehosting.googleapis.com/upload/sites/echoops-65d4b/versions/64a96cf6e95a5e0f/files/b1de0847742b85edddfccadb014d03c54f3b366d63ff512df5afcadea0ecd2d6 [none]
[debug] [2026-03-24T16:51:06.674Z] >>> [apiv2][body] POST https://upload-firebasehosting.googleapis.com/upload/sites/echoops-65d4b/versions/64a96cf6e95a5e0f/files/b1de0847742b85edddfccadb014d03c54f3b366d63ff512df5afcadea0ecd2d6 [stream]
[debug] [2026-03-24T16:51:06.675Z] >>> [apiv2][query] POST https://upload-firebasehosting.googleapis.com/upload/sites/echoops-65d4b/versions/64a96cf6e95a5e0f/files/766d0d0a0965372ab8a4d23d04059a6d78e4085cc2d4339c4b707ec575ae314b [none]
[debug] [2026-03-24T16:51:06.675Z] >>> [apiv2][body] POST https://upload-firebasehosting.googleapis.com/upload/sites/echoops-65d4b/versions/64a96cf6e95a5e0f/files/766d0d0a0965372ab8a4d23d04059a6d78e4085cc2d4339c4b707ec575ae314b [stream]
[debug] [2026-03-24T16:51:06.675Z] >>> [apiv2][query] POST https://upload-firebasehosting.googleapis.com/upload/sites/echoops-65d4b/versions/64a96cf6e95a5e0f/files/f1bbea1c67ecc2faf04f3c69f902bd1c8ed18f2f25f04544c74ff2733d3032a4 [none]
[debug] [2026-03-24T16:51:06.676Z] >>> [apiv2][body] POST https://upload-firebasehosting.googleapis.com/upload/sites/echoops-65d4b/versions/64a96cf6e95a5e0f/files/f1bbea1c67ecc2faf04f3c69f902bd1c8ed18f2f25f04544c74ff2733d3032a4 [stream]
[debug] [2026-03-24T16:51:06.676Z] >>> [apiv2][query] POST https://upload-firebasehosting.googleapis.com/upload/sites/echoops-65d4b/versions/64a96cf6e95a5e0f/files/2aa838c7134a5a62d101e547dd88d376ea1fa01a5217f664ee135214f7dff535 [none]
[debug] [2026-03-24T16:51:06.676Z] >>> [apiv2][body] POST https://upload-firebasehosting.googleapis.com/upload/sites/echoops-65d4b/versions/64a96cf6e95a5e0f/files/2aa838c7134a5a62d101e547dd88d376ea1fa01a5217f664ee135214f7dff535 [stream]
[debug] [2026-03-24T16:51:06.678Z] >>> [apiv2][query] POST https://upload-firebasehosting.googleapis.com/upload/sites/echoops-65d4b/versions/64a96cf6e95a5e0f/files/46c2c32fd3023f6886bd8434ee94b8dff79773ad058de6415832b2013f43d741 [none]
[debug] [2026-03-24T16:51:06.678Z] >>> [apiv2][body] POST https://upload-firebasehosting.googleapis.com/upload/sites/echoops-65d4b/versions/64a96cf6e95a5e0f/files/46c2c32fd3023f6886bd8434ee94b8dff79773ad058de6415832b2013f43d741 [stream]
[debug] [2026-03-24T16:51:06.679Z] >>> [apiv2][query] POST https://upload-firebasehosting.googleapis.com/upload/sites/echoops-65d4b/versions/64a96cf6e95a5e0f/files/d9cf33d47d2506aa9a510c1550cb4c5f632603170e9ece6963dcbbdc94d9c792 [none]
[debug] [2026-03-24T16:51:06.679Z] >>> [apiv2][body] POST https://upload-firebasehosting.googleapis.com/upload/sites/echoops-65d4b/versions/64a96cf6e95a5e0f/files/d9cf33d47d2506aa9a510c1550cb4c5f632603170e9ece6963dcbbdc94d9c792 [stream]
[debug] [2026-03-24T16:51:06.680Z] >>> [apiv2][query] POST https://upload-firebasehosting.googleapis.com/upload/sites/echoops-65d4b/versions/64a96cf6e95a5e0f/files/871b2534213589bc9c889776bca4367646395d1255f6294313e7b34130978a52 [none]
[debug] [2026-03-24T16:51:06.680Z] >>> [apiv2][body] POST https://upload-firebasehosting.googleapis.com/upload/sites/echoops-65d4b/versions/64a96cf6e95a5e0f/files/871b2534213589bc9c889776bca4367646395d1255f6294313e7b34130978a52 [stream]
[debug] [2026-03-24T16:51:06.681Z] >>> [apiv2][query] POST https://upload-firebasehosting.googleapis.com/upload/sites/echoops-65d4b/versions/64a96cf6e95a5e0f/files/cd5cef1492ea54d97baff265036feab5f73cef56a9898c6091a5abd7df7af15d [none]
[debug] [2026-03-24T16:51:06.681Z] >>> [apiv2][body] POST https://upload-firebasehosting.googleapis.com/upload/sites/echoops-65d4b/versions/64a96cf6e95a5e0f/files/cd5cef1492ea54d97baff265036feab5f73cef56a9898c6091a5abd7df7af15d [stream]
[debug] [2026-03-24T16:51:06.682Z] >>> [apiv2][query] POST https://upload-firebasehosting.googleapis.com/upload/sites/echoops-65d4b/versions/64a96cf6e95a5e0f/files/7ed74c70f0c91527f1d041fe6b09baf54bceada4e56d876ef47517dae8f473cb [none]
[debug] [2026-03-24T16:51:06.682Z] >>> [apiv2][body] POST https://upload-firebasehosting.googleapis.com/upload/sites/echoops-65d4b/versions/64a96cf6e95a5e0f/files/7ed74c70f0c91527f1d041fe6b09baf54bceada4e56d876ef47517dae8f473cb [stream]
[debug] [2026-03-24T16:51:06.685Z] >>> [apiv2][query] POST https://upload-firebasehosting.googleapis.com/upload/sites/echoops-65d4b/versions/64a96cf6e95a5e0f/files/196fc63afb53b7672d914fd3dc41783e72051eefa0caa695da0153d2ff45b695 [none]
[debug] [2026-03-24T16:51:06.685Z] >>> [apiv2][body] POST https://upload-firebasehosting.googleapis.com/upload/sites/echoops-65d4b/versions/64a96cf6e95a5e0f/files/196fc63afb53b7672d914fd3dc41783e72051eefa0caa695da0153d2ff45b695 [stream]
[debug] [2026-03-24T16:51:06.686Z] >>> [apiv2][query] POST https://upload-firebasehosting.googleapis.com/upload/sites/echoops-65d4b/versions/64a96cf6e95a5e0f/files/3cc9c9b5d2d1807fbc585d21e355b052996fe5219ba83e082f09002bf48ba384 [none]
[debug] [2026-03-24T16:51:06.686Z] >>> [apiv2][body] POST https://upload-firebasehosting.googleapis.com/upload/sites/echoops-65d4b/versions/64a96cf6e95a5e0f/files/3cc9c9b5d2d1807fbc585d21e355b052996fe5219ba83e082f09002bf48ba384 [stream]
[debug] [2026-03-24T16:51:06.686Z] >>> [apiv2][query] POST https://upload-firebasehosting.googleapis.com/upload/sites/echoops-65d4b/versions/64a96cf6e95a5e0f/files/6a44bf7bfb2f4b7d3087a1ea4abf54c653f163657f6581bbcfd57a16eb16a2eb [none]
[debug] [2026-03-24T16:51:06.686Z] >>> [apiv2][body] POST https://upload-firebasehosting.googleapis.com/upload/sites/echoops-65d4b/versions/64a96cf6e95a5e0f/files/6a44bf7bfb2f4b7d3087a1ea4abf54c653f163657f6581bbcfd57a16eb16a2eb [stream]
[debug] [2026-03-24T16:51:06.687Z] >>> [apiv2][query] POST https://upload-firebasehosting.googleapis.com/upload/sites/echoops-65d4b/versions/64a96cf6e95a5e0f/files/f186e7b1f600fad7211865a1aafbda58522448c2e6ac442daf94505b94be6616 [none]
[debug] [2026-03-24T16:51:06.687Z] >>> [apiv2][body] POST https://upload-firebasehosting.googleapis.com/upload/sites/echoops-65d4b/versions/64a96cf6e95a5e0f/files/f186e7b1f600fad7211865a1aafbda58522448c2e6ac442daf94505b94be6616 [stream]
[debug] [2026-03-24T16:51:06.688Z] >>> [apiv2][query] POST https://upload-firebasehosting.googleapis.com/upload/sites/echoops-65d4b/versions/64a96cf6e95a5e0f/files/13a77304484746833cc63fe5438264a1238b8ea44e57914328a562479d80bfb6 [none]
[debug] [2026-03-24T16:51:06.688Z] >>> [apiv2][body] POST https://upload-firebasehosting.googleapis.com/upload/sites/echoops-65d4b/versions/64a96cf6e95a5e0f/files/13a77304484746833cc63fe5438264a1238b8ea44e57914328a562479d80bfb6 [stream]
[debug] [2026-03-24T16:51:06.689Z] >>> [apiv2][query] POST https://upload-firebasehosting.googleapis.com/upload/sites/echoops-65d4b/versions/64a96cf6e95a5e0f/files/13027156f173df382c0bd8c09035b474b640f93d43fa75c026c3e6474cc4c6c4 [none]
[debug] [2026-03-24T16:51:06.689Z] >>> [apiv2][body] POST https://upload-firebasehosting.googleapis.com/upload/sites/echoops-65d4b/versions/64a96cf6e95a5e0f/files/13027156f173df382c0bd8c09035b474b640f93d43fa75c026c3e6474cc4c6c4 [stream]
[debug] [2026-03-24T16:51:06.689Z] >>> [apiv2][query] POST https://upload-firebasehosting.googleapis.com/upload/sites/echoops-65d4b/versions/64a96cf6e95a5e0f/files/1e2e1b932cff7a02fc790c37010df6b8690afe41d2a9a2d06b05fedde95e177d [none]
[debug] [2026-03-24T16:51:06.689Z] >>> [apiv2][body] POST https://upload-firebasehosting.googleapis.com/upload/sites/echoops-65d4b/versions/64a96cf6e95a5e0f/files/1e2e1b932cff7a02fc790c37010df6b8690afe41d2a9a2d06b05fedde95e177d [stream]
[debug] [2026-03-24T16:51:06.690Z] >>> [apiv2][query] POST https://upload-firebasehosting.googleapis.com/upload/sites/echoops-65d4b/versions/64a96cf6e95a5e0f/files/921c84bd6fb3a05772d031fbfb621ecd949f336cda8b087524825b319224e2f5 [none]
[debug] [2026-03-24T16:51:06.691Z] >>> [apiv2][body] POST https://upload-firebasehosting.googleapis.com/upload/sites/echoops-65d4b/versions/64a96cf6e95a5e0f/files/921c84bd6fb3a05772d031fbfb621ecd949f336cda8b087524825b319224e2f5 [stream]
[debug] [2026-03-24T16:51:06.691Z] >>> [apiv2][query] POST https://upload-firebasehosting.googleapis.com/upload/sites/echoops-65d4b/versions/64a96cf6e95a5e0f/files/76ec81bdf59bfdb0f38ee4d46ecbb4c50bbe092a9445138d04fdbb46a484f513 [none]
[debug] [2026-03-24T16:51:06.691Z] >>> [apiv2][body] POST https://upload-firebasehosting.googleapis.com/upload/sites/echoops-65d4b/versions/64a96cf6e95a5e0f/files/76ec81bdf59bfdb0f38ee4d46ecbb4c50bbe092a9445138d04fdbb46a484f513 [stream]
[debug] [2026-03-24T16:51:06.692Z] >>> [apiv2][query] POST https://upload-firebasehosting.googleapis.com/upload/sites/echoops-65d4b/versions/64a96cf6e95a5e0f/files/4c49010c2012971d480c9216d1c20e603aacff24fbcc476eec4d706555e6d964 [none]
[debug] [2026-03-24T16:51:06.692Z] >>> [apiv2][body] POST https://upload-firebasehosting.googleapis.com/upload/sites/echoops-65d4b/versions/64a96cf6e95a5e0f/files/4c49010c2012971d480c9216d1c20e603aacff24fbcc476eec4d706555e6d964 [stream]
[debug] [2026-03-24T16:51:06.693Z] >>> [apiv2][query] POST https://upload-firebasehosting.googleapis.com/upload/sites/echoops-65d4b/versions/64a96cf6e95a5e0f/files/e09dcf66db3e349e8ec7f1c5a8d5402ee065f5a311ab1e36dc2b8a7c000b5eed [none]
[debug] [2026-03-24T16:51:06.693Z] >>> [apiv2][body] POST https://upload-firebasehosting.googleapis.com/upload/sites/echoops-65d4b/versions/64a96cf6e95a5e0f/files/e09dcf66db3e349e8ec7f1c5a8d5402ee065f5a311ab1e36dc2b8a7c000b5eed [stream]
[debug] [2026-03-24T16:51:06.693Z] >>> [apiv2][query] POST https://upload-firebasehosting.googleapis.com/upload/sites/echoops-65d4b/versions/64a96cf6e95a5e0f/files/dca6c6168fd15a68e55591e8bf6d29e6ec6b6694f0bc7814955ffa824631a3d2 [none]
[debug] [2026-03-24T16:51:06.693Z] >>> [apiv2][body] POST https://upload-firebasehosting.googleapis.com/upload/sites/echoops-65d4b/versions/64a96cf6e95a5e0f/files/dca6c6168fd15a68e55591e8bf6d29e6ec6b6694f0bc7814955ffa824631a3d2 [stream]
[debug] [2026-03-24T16:51:06.694Z] >>> [apiv2][query] POST https://upload-firebasehosting.googleapis.com/upload/sites/echoops-65d4b/versions/64a96cf6e95a5e0f/files/8c255ce486169ff0519d384c1024bcdf4e4e57a7b8c6251d118fa4e3c0507e62 [none]
[debug] [2026-03-24T16:51:06.694Z] >>> [apiv2][body] POST https://upload-firebasehosting.googleapis.com/upload/sites/echoops-65d4b/versions/64a96cf6e95a5e0f/files/8c255ce486169ff0519d384c1024bcdf4e4e57a7b8c6251d118fa4e3c0507e62 [stream]
[debug] [2026-03-24T16:51:06.694Z] >>> [apiv2][query] POST https://upload-firebasehosting.googleapis.com/upload/sites/echoops-65d4b/versions/64a96cf6e95a5e0f/files/8651b6d1446e5e3a874d8771b49c05b22324807a2bf730d5d450f6ca8a72f7da [none]
[debug] [2026-03-24T16:51:06.694Z] >>> [apiv2][body] POST https://upload-firebasehosting.googleapis.com/upload/sites/echoops-65d4b/versions/64a96cf6e95a5e0f/files/8651b6d1446e5e3a874d8771b49c05b22324807a2bf730d5d450f6ca8a72f7da [stream]
[debug] [2026-03-24T16:51:06.695Z] >>> [apiv2][query] POST https://upload-firebasehosting.googleapis.com/upload/sites/echoops-65d4b/versions/64a96cf6e95a5e0f/files/e4b87516620c64f5b5d48bf9e3567f315685294fc189322bed545d54b1e25c62 [none]
[debug] [2026-03-24T16:51:06.695Z] >>> [apiv2][body] POST https://upload-firebasehosting.googleapis.com/upload/sites/echoops-65d4b/versions/64a96cf6e95a5e0f/files/e4b87516620c64f5b5d48bf9e3567f315685294fc189322bed545d54b1e25c62 [stream]
[debug] [2026-03-24T16:51:06.695Z] >>> [apiv2][query] POST https://upload-firebasehosting.googleapis.com/upload/sites/echoops-65d4b/versions/64a96cf6e95a5e0f/files/3748f9d279de4284bfaf290932e25559ee4ffcc77c469a375cecff24f9e04ce3 [none]
[debug] [2026-03-24T16:51:06.695Z] >>> [apiv2][body] POST https://upload-firebasehosting.googleapis.com/upload/sites/echoops-65d4b/versions/64a96cf6e95a5e0f/files/3748f9d279de4284bfaf290932e25559ee4ffcc77c469a375cecff24f9e04ce3 [stream]
[debug] [2026-03-24T16:51:06.696Z] >>> [apiv2][query] POST https://upload-firebasehosting.googleapis.com/upload/sites/echoops-65d4b/versions/64a96cf6e95a5e0f/files/7beef0c6c0c2807ccaf55030df0a9c321d619f6a7566ea90f186c4262e7ba139 [none]
[debug] [2026-03-24T16:51:06.696Z] >>> [apiv2][body] POST https://upload-firebasehosting.googleapis.com/upload/sites/echoops-65d4b/versions/64a96cf6e95a5e0f/files/7beef0c6c0c2807ccaf55030df0a9c321d619f6a7566ea90f186c4262e7ba139 [stream]
[debug] [2026-03-24T16:51:06.697Z] >>> [apiv2][query] POST https://upload-firebasehosting.googleapis.com/upload/sites/echoops-65d4b/versions/64a96cf6e95a5e0f/files/e230b51e87ae3dcedf2bca1e3983ecf8a98af2d8222717c029823b0c1d364870 [none]
[debug] [2026-03-24T16:51:06.697Z] >>> [apiv2][body] POST https://upload-firebasehosting.googleapis.com/upload/sites/echoops-65d4b/versions/64a96cf6e95a5e0f/files/e230b51e87ae3dcedf2bca1e3983ecf8a98af2d8222717c029823b0c1d364870 [stream]
[debug] [2026-03-24T16:51:06.697Z] >>> [apiv2][query] POST https://upload-firebasehosting.googleapis.com/upload/sites/echoops-65d4b/versions/64a96cf6e95a5e0f/files/73177212060786a1c6962dd2a69e41ef1b6c7fce60a61c0921b6a888e3c130d0 [none]
[debug] [2026-03-24T16:51:06.697Z] >>> [apiv2][body] POST https://upload-firebasehosting.googleapis.com/upload/sites/echoops-65d4b/versions/64a96cf6e95a5e0f/files/73177212060786a1c6962dd2a69e41ef1b6c7fce60a61c0921b6a888e3c130d0 [stream]
[debug] [2026-03-24T16:51:06.698Z] >>> [apiv2][query] POST https://upload-firebasehosting.googleapis.com/upload/sites/echoops-65d4b/versions/64a96cf6e95a5e0f/files/14a4c15438d6180e04729fd1c9408f7bf6917d41f7d187717d9105e68e5bd487 [none]
[debug] [2026-03-24T16:51:06.698Z] >>> [apiv2][body] POST https://upload-firebasehosting.googleapis.com/upload/sites/echoops-65d4b/versions/64a96cf6e95a5e0f/files/14a4c15438d6180e04729fd1c9408f7bf6917d41f7d187717d9105e68e5bd487 [stream]
[debug] [2026-03-24T16:51:06.699Z] >>> [apiv2][query] POST https://upload-firebasehosting.googleapis.com/upload/sites/echoops-65d4b/versions/64a96cf6e95a5e0f/files/8a9c5df6440803ec7ef8828b8fd45e446d40e199b2a4fd9466882b9ac27d23f7 [none]
[debug] [2026-03-24T16:51:06.699Z] >>> [apiv2][body] POST https://upload-firebasehosting.googleapis.com/upload/sites/echoops-65d4b/versions/64a96cf6e95a5e0f/files/8a9c5df6440803ec7ef8828b8fd45e446d40e199b2a4fd9466882b9ac27d23f7 [stream]
[debug] [2026-03-24T16:51:06.700Z] >>> [apiv2][query] POST https://upload-firebasehosting.googleapis.com/upload/sites/echoops-65d4b/versions/64a96cf6e95a5e0f/files/5f57567f14e3a164133f37a8cad396c0684656952112567ffd3bece1a7b6156d [none]
[debug] [2026-03-24T16:51:06.700Z] >>> [apiv2][body] POST https://upload-firebasehosting.googleapis.com/upload/sites/echoops-65d4b/versions/64a96cf6e95a5e0f/files/5f57567f14e3a164133f37a8cad396c0684656952112567ffd3bece1a7b6156d [stream]
[debug] [2026-03-24T16:51:06.701Z] [hosting][populate queue][FINAL] {"max":1569,"min":1569,"avg":1569,"active":0,"complete":1,"success":1,"errored":0,"retried":0,"total":1,"elapsed":1599}
[debug] [2026-03-24T16:51:06.701Z] [hosting] uploads queued: 34
[debug] [2026-03-24T16:51:07.788Z] <<< [apiv2][status] POST https://upload-firebasehosting.googleapis.com/upload/sites/echoops-65d4b/versions/64a96cf6e95a5e0f/files/c801c55b160131c8c2c52c57e4f78dc72a0d87d0b8d170eacb711c08071cc7a8 200
[debug] [2026-03-24T16:51:07.788Z] <<< [apiv2][body] POST https://upload-firebasehosting.googleapis.com/upload/sites/echoops-65d4b/versions/64a96cf6e95a5e0f/files/c801c55b160131c8c2c52c57e4f78dc72a0d87d0b8d170eacb711c08071cc7a8 [stream]
[debug] [2026-03-24T16:51:07.868Z] <<< [apiv2][status] POST https://upload-firebasehosting.googleapis.com/upload/sites/echoops-65d4b/versions/64a96cf6e95a5e0f/files/766d0d0a0965372ab8a4d23d04059a6d78e4085cc2d4339c4b707ec575ae314b 200
[debug] [2026-03-24T16:51:07.868Z] <<< [apiv2][body] POST https://upload-firebasehosting.googleapis.com/upload/sites/echoops-65d4b/versions/64a96cf6e95a5e0f/files/766d0d0a0965372ab8a4d23d04059a6d78e4085cc2d4339c4b707ec575ae314b [stream]
[debug] [2026-03-24T16:51:07.924Z] <<< [apiv2][status] POST https://upload-firebasehosting.googleapis.com/upload/sites/echoops-65d4b/versions/64a96cf6e95a5e0f/files/b1de0847742b85edddfccadb014d03c54f3b366d63ff512df5afcadea0ecd2d6 200
[debug] [2026-03-24T16:51:07.925Z] <<< [apiv2][body] POST https://upload-firebasehosting.googleapis.com/upload/sites/echoops-65d4b/versions/64a96cf6e95a5e0f/files/b1de0847742b85edddfccadb014d03c54f3b366d63ff512df5afcadea0ecd2d6 [stream]
[debug] [2026-03-24T16:51:07.925Z] <<< [apiv2][status] POST https://upload-firebasehosting.googleapis.com/upload/sites/echoops-65d4b/versions/64a96cf6e95a5e0f/files/7ed74c70f0c91527f1d041fe6b09baf54bceada4e56d876ef47517dae8f473cb 200
[debug] [2026-03-24T16:51:07.925Z] <<< [apiv2][body] POST https://upload-firebasehosting.googleapis.com/upload/sites/echoops-65d4b/versions/64a96cf6e95a5e0f/files/7ed74c70f0c91527f1d041fe6b09baf54bceada4e56d876ef47517dae8f473cb [stream]
[debug] [2026-03-24T16:51:07.926Z] <<< [apiv2][status] POST https://upload-firebasehosting.googleapis.com/upload/sites/echoops-65d4b/versions/64a96cf6e95a5e0f/files/f1bbea1c67ecc2faf04f3c69f902bd1c8ed18f2f25f04544c74ff2733d3032a4 200
[debug] [2026-03-24T16:51:07.926Z] <<< [apiv2][body] POST https://upload-firebasehosting.googleapis.com/upload/sites/echoops-65d4b/versions/64a96cf6e95a5e0f/files/f1bbea1c67ecc2faf04f3c69f902bd1c8ed18f2f25f04544c74ff2733d3032a4 [stream]
[debug] [2026-03-24T16:51:07.965Z] <<< [apiv2][status] POST https://upload-firebasehosting.googleapis.com/upload/sites/echoops-65d4b/versions/64a96cf6e95a5e0f/files/2aa838c7134a5a62d101e547dd88d376ea1fa01a5217f664ee135214f7dff535 200
[debug] [2026-03-24T16:51:07.965Z] <<< [apiv2][body] POST https://upload-firebasehosting.googleapis.com/upload/sites/echoops-65d4b/versions/64a96cf6e95a5e0f/files/2aa838c7134a5a62d101e547dd88d376ea1fa01a5217f664ee135214f7dff535 [stream]
[debug] [2026-03-24T16:51:07.966Z] <<< [apiv2][status] POST https://upload-firebasehosting.googleapis.com/upload/sites/echoops-65d4b/versions/64a96cf6e95a5e0f/files/871b2534213589bc9c889776bca4367646395d1255f6294313e7b34130978a52 200
[debug] [2026-03-24T16:51:07.966Z] <<< [apiv2][body] POST https://upload-firebasehosting.googleapis.com/upload/sites/echoops-65d4b/versions/64a96cf6e95a5e0f/files/871b2534213589bc9c889776bca4367646395d1255f6294313e7b34130978a52 [stream]
[debug] [2026-03-24T16:51:07.981Z] <<< [apiv2][status] POST https://upload-firebasehosting.googleapis.com/upload/sites/echoops-65d4b/versions/64a96cf6e95a5e0f/files/46c2c32fd3023f6886bd8434ee94b8dff79773ad058de6415832b2013f43d741 200
[debug] [2026-03-24T16:51:07.981Z] <<< [apiv2][body] POST https://upload-firebasehosting.googleapis.com/upload/sites/echoops-65d4b/versions/64a96cf6e95a5e0f/files/46c2c32fd3023f6886bd8434ee94b8dff79773ad058de6415832b2013f43d741 [stream]
[debug] [2026-03-24T16:51:07.997Z] <<< [apiv2][status] POST https://upload-firebasehosting.googleapis.com/upload/sites/echoops-65d4b/versions/64a96cf6e95a5e0f/files/d9cf33d47d2506aa9a510c1550cb4c5f632603170e9ece6963dcbbdc94d9c792 200
[debug] [2026-03-24T16:51:07.997Z] <<< [apiv2][body] POST https://upload-firebasehosting.googleapis.com/upload/sites/echoops-65d4b/versions/64a96cf6e95a5e0f/files/d9cf33d47d2506aa9a510c1550cb4c5f632603170e9ece6963dcbbdc94d9c792 [stream]
[debug] [2026-03-24T16:51:08.004Z] <<< [apiv2][status] POST https://upload-firebasehosting.googleapis.com/upload/sites/echoops-65d4b/versions/64a96cf6e95a5e0f/files/8651b6d1446e5e3a874d8771b49c05b22324807a2bf730d5d450f6ca8a72f7da 200
[debug] [2026-03-24T16:51:08.004Z] <<< [apiv2][body] POST https://upload-firebasehosting.googleapis.com/upload/sites/echoops-65d4b/versions/64a96cf6e95a5e0f/files/8651b6d1446e5e3a874d8771b49c05b22324807a2bf730d5d450f6ca8a72f7da [stream]
[debug] [2026-03-24T16:51:08.011Z] <<< [apiv2][status] POST https://upload-firebasehosting.googleapis.com/upload/sites/echoops-65d4b/versions/64a96cf6e95a5e0f/files/4c49010c2012971d480c9216d1c20e603aacff24fbcc476eec4d706555e6d964 200
[debug] [2026-03-24T16:51:08.012Z] <<< [apiv2][body] POST https://upload-firebasehosting.googleapis.com/upload/sites/echoops-65d4b/versions/64a96cf6e95a5e0f/files/4c49010c2012971d480c9216d1c20e603aacff24fbcc476eec4d706555e6d964 [stream]
[debug] [2026-03-24T16:51:08.066Z] <<< [apiv2][status] POST https://upload-firebasehosting.googleapis.com/upload/sites/echoops-65d4b/versions/64a96cf6e95a5e0f/files/13a77304484746833cc63fe5438264a1238b8ea44e57914328a562479d80bfb6 200
[debug] [2026-03-24T16:51:08.066Z] <<< [apiv2][body] POST https://upload-firebasehosting.googleapis.com/upload/sites/echoops-65d4b/versions/64a96cf6e95a5e0f/files/13a77304484746833cc63fe5438264a1238b8ea44e57914328a562479d80bfb6 [stream]
[debug] [2026-03-24T16:51:08.077Z] <<< [apiv2][status] POST https://upload-firebasehosting.googleapis.com/upload/sites/echoops-65d4b/versions/64a96cf6e95a5e0f/files/175136f6e19c124637605e6f647be0eaf24256b2579bbf4111da127e4ebd3872 200
[debug] [2026-03-24T16:51:08.077Z] <<< [apiv2][body] POST https://upload-firebasehosting.googleapis.com/upload/sites/echoops-65d4b/versions/64a96cf6e95a5e0f/files/175136f6e19c124637605e6f647be0eaf24256b2579bbf4111da127e4ebd3872 [stream]
[debug] [2026-03-24T16:51:08.135Z] <<< [apiv2][status] POST https://upload-firebasehosting.googleapis.com/upload/sites/echoops-65d4b/versions/64a96cf6e95a5e0f/files/3cc9c9b5d2d1807fbc585d21e355b052996fe5219ba83e082f09002bf48ba384 200
[debug] [2026-03-24T16:51:08.135Z] <<< [apiv2][body] POST https://upload-firebasehosting.googleapis.com/upload/sites/echoops-65d4b/versions/64a96cf6e95a5e0f/files/3cc9c9b5d2d1807fbc585d21e355b052996fe5219ba83e082f09002bf48ba384 [stream]
[debug] [2026-03-24T16:51:08.145Z] <<< [apiv2][status] POST https://upload-firebasehosting.googleapis.com/upload/sites/echoops-65d4b/versions/64a96cf6e95a5e0f/files/6a44bf7bfb2f4b7d3087a1ea4abf54c653f163657f6581bbcfd57a16eb16a2eb 200
[debug] [2026-03-24T16:51:08.145Z] <<< [apiv2][body] POST https://upload-firebasehosting.googleapis.com/upload/sites/echoops-65d4b/versions/64a96cf6e95a5e0f/files/6a44bf7bfb2f4b7d3087a1ea4abf54c653f163657f6581bbcfd57a16eb16a2eb [stream]
[debug] [2026-03-24T16:51:08.184Z] <<< [apiv2][status] POST https://upload-firebasehosting.googleapis.com/upload/sites/echoops-65d4b/versions/64a96cf6e95a5e0f/files/196fc63afb53b7672d914fd3dc41783e72051eefa0caa695da0153d2ff45b695 200
[debug] [2026-03-24T16:51:08.185Z] <<< [apiv2][body] POST https://upload-firebasehosting.googleapis.com/upload/sites/echoops-65d4b/versions/64a96cf6e95a5e0f/files/196fc63afb53b7672d914fd3dc41783e72051eefa0caa695da0153d2ff45b695 [stream]
[debug] [2026-03-24T16:51:08.215Z] <<< [apiv2][status] POST https://upload-firebasehosting.googleapis.com/upload/sites/echoops-65d4b/versions/64a96cf6e95a5e0f/files/13027156f173df382c0bd8c09035b474b640f93d43fa75c026c3e6474cc4c6c4 200
[debug] [2026-03-24T16:51:08.216Z] <<< [apiv2][body] POST https://upload-firebasehosting.googleapis.com/upload/sites/echoops-65d4b/versions/64a96cf6e95a5e0f/files/13027156f173df382c0bd8c09035b474b640f93d43fa75c026c3e6474cc4c6c4 [stream]
[debug] [2026-03-24T16:51:08.234Z] <<< [apiv2][status] POST https://upload-firebasehosting.googleapis.com/upload/sites/echoops-65d4b/versions/64a96cf6e95a5e0f/files/f186e7b1f600fad7211865a1aafbda58522448c2e6ac442daf94505b94be6616 200
[debug] [2026-03-24T16:51:08.234Z] <<< [apiv2][body] POST https://upload-firebasehosting.googleapis.com/upload/sites/echoops-65d4b/versions/64a96cf6e95a5e0f/files/f186e7b1f600fad7211865a1aafbda58522448c2e6ac442daf94505b94be6616 [stream]
[debug] [2026-03-24T16:51:08.250Z] <<< [apiv2][status] POST https://upload-firebasehosting.googleapis.com/upload/sites/echoops-65d4b/versions/64a96cf6e95a5e0f/files/3748f9d279de4284bfaf290932e25559ee4ffcc77c469a375cecff24f9e04ce3 200
[debug] [2026-03-24T16:51:08.250Z] <<< [apiv2][body] POST https://upload-firebasehosting.googleapis.com/upload/sites/echoops-65d4b/versions/64a96cf6e95a5e0f/files/3748f9d279de4284bfaf290932e25559ee4ffcc77c469a375cecff24f9e04ce3 [stream]
[debug] [2026-03-24T16:51:08.285Z] <<< [apiv2][status] POST https://upload-firebasehosting.googleapis.com/upload/sites/echoops-65d4b/versions/64a96cf6e95a5e0f/files/73177212060786a1c6962dd2a69e41ef1b6c7fce60a61c0921b6a888e3c130d0 200
[debug] [2026-03-24T16:51:08.285Z] <<< [apiv2][body] POST https://upload-firebasehosting.googleapis.com/upload/sites/echoops-65d4b/versions/64a96cf6e95a5e0f/files/73177212060786a1c6962dd2a69e41ef1b6c7fce60a61c0921b6a888e3c130d0 [stream]
[debug] [2026-03-24T16:51:08.295Z] <<< [apiv2][status] POST https://upload-firebasehosting.googleapis.com/upload/sites/echoops-65d4b/versions/64a96cf6e95a5e0f/files/8c255ce486169ff0519d384c1024bcdf4e4e57a7b8c6251d118fa4e3c0507e62 200
[debug] [2026-03-24T16:51:08.295Z] <<< [apiv2][body] POST https://upload-firebasehosting.googleapis.com/upload/sites/echoops-65d4b/versions/64a96cf6e95a5e0f/files/8c255ce486169ff0519d384c1024bcdf4e4e57a7b8c6251d118fa4e3c0507e62 [stream]
[debug] [2026-03-24T16:51:08.297Z] <<< [apiv2][status] POST https://upload-firebasehosting.googleapis.com/upload/sites/echoops-65d4b/versions/64a96cf6e95a5e0f/files/e4b87516620c64f5b5d48bf9e3567f315685294fc189322bed545d54b1e25c62 200
[debug] [2026-03-24T16:51:08.297Z] <<< [apiv2][body] POST https://upload-firebasehosting.googleapis.com/upload/sites/echoops-65d4b/versions/64a96cf6e95a5e0f/files/e4b87516620c64f5b5d48bf9e3567f315685294fc189322bed545d54b1e25c62 [stream]
[debug] [2026-03-24T16:51:08.321Z] <<< [apiv2][status] POST https://upload-firebasehosting.googleapis.com/upload/sites/echoops-65d4b/versions/64a96cf6e95a5e0f/files/1e2e1b932cff7a02fc790c37010df6b8690afe41d2a9a2d06b05fedde95e177d 200
[debug] [2026-03-24T16:51:08.321Z] <<< [apiv2][body] POST https://upload-firebasehosting.googleapis.com/upload/sites/echoops-65d4b/versions/64a96cf6e95a5e0f/files/1e2e1b932cff7a02fc790c37010df6b8690afe41d2a9a2d06b05fedde95e177d [stream]
[debug] [2026-03-24T16:51:08.350Z] <<< [apiv2][status] POST https://upload-firebasehosting.googleapis.com/upload/sites/echoops-65d4b/versions/64a96cf6e95a5e0f/files/e230b51e87ae3dcedf2bca1e3983ecf8a98af2d8222717c029823b0c1d364870 200
[debug] [2026-03-24T16:51:08.350Z] <<< [apiv2][body] POST https://upload-firebasehosting.googleapis.com/upload/sites/echoops-65d4b/versions/64a96cf6e95a5e0f/files/e230b51e87ae3dcedf2bca1e3983ecf8a98af2d8222717c029823b0c1d364870 [stream]
[debug] [2026-03-24T16:51:08.362Z] <<< [apiv2][status] POST https://upload-firebasehosting.googleapis.com/upload/sites/echoops-65d4b/versions/64a96cf6e95a5e0f/files/5f57567f14e3a164133f37a8cad396c0684656952112567ffd3bece1a7b6156d 200
[debug] [2026-03-24T16:51:08.362Z] <<< [apiv2][body] POST https://upload-firebasehosting.googleapis.com/upload/sites/echoops-65d4b/versions/64a96cf6e95a5e0f/files/5f57567f14e3a164133f37a8cad396c0684656952112567ffd3bece1a7b6156d [stream]
[debug] [2026-03-24T16:51:08.381Z] <<< [apiv2][status] POST https://upload-firebasehosting.googleapis.com/upload/sites/echoops-65d4b/versions/64a96cf6e95a5e0f/files/b1331255658fd959e290f9d7dbdcf65e993892aa0c1fb526f96521feebc76d72 200
[debug] [2026-03-24T16:51:08.381Z] <<< [apiv2][body] POST https://upload-firebasehosting.googleapis.com/upload/sites/echoops-65d4b/versions/64a96cf6e95a5e0f/files/b1331255658fd959e290f9d7dbdcf65e993892aa0c1fb526f96521feebc76d72 [stream]
[debug] [2026-03-24T16:51:08.393Z] <<< [apiv2][status] POST https://upload-firebasehosting.googleapis.com/upload/sites/echoops-65d4b/versions/64a96cf6e95a5e0f/files/14a4c15438d6180e04729fd1c9408f7bf6917d41f7d187717d9105e68e5bd487 200
[debug] [2026-03-24T16:51:08.393Z] <<< [apiv2][body] POST https://upload-firebasehosting.googleapis.com/upload/sites/echoops-65d4b/versions/64a96cf6e95a5e0f/files/14a4c15438d6180e04729fd1c9408f7bf6917d41f7d187717d9105e68e5bd487 [stream]
[debug] [2026-03-24T16:51:08.435Z] <<< [apiv2][status] POST https://upload-firebasehosting.googleapis.com/upload/sites/echoops-65d4b/versions/64a96cf6e95a5e0f/files/dca6c6168fd15a68e55591e8bf6d29e6ec6b6694f0bc7814955ffa824631a3d2 200
[debug] [2026-03-24T16:51:08.435Z] <<< [apiv2][body] POST https://upload-firebasehosting.googleapis.com/upload/sites/echoops-65d4b/versions/64a96cf6e95a5e0f/files/dca6c6168fd15a68e55591e8bf6d29e6ec6b6694f0bc7814955ffa824631a3d2 [stream]
[debug] [2026-03-24T16:51:08.446Z] <<< [apiv2][status] POST https://upload-firebasehosting.googleapis.com/upload/sites/echoops-65d4b/versions/64a96cf6e95a5e0f/files/e09dcf66db3e349e8ec7f1c5a8d5402ee065f5a311ab1e36dc2b8a7c000b5eed 200
[debug] [2026-03-24T16:51:08.446Z] <<< [apiv2][body] POST https://upload-firebasehosting.googleapis.com/upload/sites/echoops-65d4b/versions/64a96cf6e95a5e0f/files/e09dcf66db3e349e8ec7f1c5a8d5402ee065f5a311ab1e36dc2b8a7c000b5eed [stream]
[debug] [2026-03-24T16:51:08.462Z] <<< [apiv2][status] POST https://upload-firebasehosting.googleapis.com/upload/sites/echoops-65d4b/versions/64a96cf6e95a5e0f/files/76ec81bdf59bfdb0f38ee4d46ecbb4c50bbe092a9445138d04fdbb46a484f513 200
[debug] [2026-03-24T16:51:08.462Z] <<< [apiv2][body] POST https://upload-firebasehosting.googleapis.com/upload/sites/echoops-65d4b/versions/64a96cf6e95a5e0f/files/76ec81bdf59bfdb0f38ee4d46ecbb4c50bbe092a9445138d04fdbb46a484f513 [stream]
[debug] [2026-03-24T16:51:08.512Z] <<< [apiv2][status] POST https://upload-firebasehosting.googleapis.com/upload/sites/echoops-65d4b/versions/64a96cf6e95a5e0f/files/cd5cef1492ea54d97baff265036feab5f73cef56a9898c6091a5abd7df7af15d 200
[debug] [2026-03-24T16:51:08.512Z] <<< [apiv2][body] POST https://upload-firebasehosting.googleapis.com/upload/sites/echoops-65d4b/versions/64a96cf6e95a5e0f/files/cd5cef1492ea54d97baff265036feab5f73cef56a9898c6091a5abd7df7af15d [stream]
[debug] [2026-03-24T16:51:08.513Z] <<< [apiv2][status] POST https://upload-firebasehosting.googleapis.com/upload/sites/echoops-65d4b/versions/64a96cf6e95a5e0f/files/7beef0c6c0c2807ccaf55030df0a9c321d619f6a7566ea90f186c4262e7ba139 200
[debug] [2026-03-24T16:51:08.513Z] <<< [apiv2][body] POST https://upload-firebasehosting.googleapis.com/upload/sites/echoops-65d4b/versions/64a96cf6e95a5e0f/files/7beef0c6c0c2807ccaf55030df0a9c321d619f6a7566ea90f186c4262e7ba139 [stream]
[debug] [2026-03-24T16:51:08.551Z] <<< [apiv2][status] POST https://upload-firebasehosting.googleapis.com/upload/sites/echoops-65d4b/versions/64a96cf6e95a5e0f/files/8a9c5df6440803ec7ef8828b8fd45e446d40e199b2a4fd9466882b9ac27d23f7 200
[debug] [2026-03-24T16:51:08.551Z] <<< [apiv2][body] POST https://upload-firebasehosting.googleapis.com/upload/sites/echoops-65d4b/versions/64a96cf6e95a5e0f/files/8a9c5df6440803ec7ef8828b8fd45e446d40e199b2a4fd9466882b9ac27d23f7 [stream]
[debug] [2026-03-24T16:51:08.582Z] <<< [apiv2][status] POST https://upload-firebasehosting.googleapis.com/upload/sites/echoops-65d4b/versions/64a96cf6e95a5e0f/files/921c84bd6fb3a05772d031fbfb621ecd949f336cda8b087524825b319224e2f5 200
[debug] [2026-03-24T16:51:08.583Z] <<< [apiv2][body] POST https://upload-firebasehosting.googleapis.com/upload/sites/echoops-65d4b/versions/64a96cf6e95a5e0f/files/921c84bd6fb3a05772d031fbfb621ecd949f336cda8b087524825b319224e2f5 [stream]
[debug] [2026-03-24T16:51:08.583Z] [hosting][upload queue][FINAL] {"max":1915,"min":1124,"avg":1533.735294117647,"active":0,"complete":34,"success":34,"errored":0,"retried":0,"total":34,"elapsed":1918}
[info] ✔  hosting[echoops-65d4b]: file upload complete 
[debug] [2026-03-24T16:51:08.594Z] [hosting] deploy completed after 3737ms
[info] i  functions: updating Node.js 20 (2nd Gen) function firebase-frameworks-echoops-65d4b:ssrechoops65d4b(europe-west1)... 
[debug] [2026-03-24T16:51:08.598Z] Checked if tokens are valid: true, expires at: 1774374541946
[debug] [2026-03-24T16:51:08.598Z] Checked if tokens are valid: true, expires at: 1774374541946
[debug] [2026-03-24T16:51:08.599Z] >>> [apiv2][query] PATCH https://cloudfunctions.googleapis.com/v2/projects/echoops-65d4b/locations/europe-west1/functions/ssrechoops65d4b updateMask=name%2CbuildConfig.runtime%2CbuildConfig.entryPoint%2CbuildConfig.source.storageSource.bucket%2CbuildConfig.source.storageSource.object%2CbuildConfig.environmentVariables%2CbuildConfig.sourceToken%2CserviceConfig.environmentVariables%2CserviceConfig.ingressSettings%2CserviceConfig.timeoutSeconds%2CserviceConfig.serviceAccountEmail%2CserviceConfig.availableMemory%2CserviceConfig.minInstanceCount%2CserviceConfig.maxInstanceCount%2CserviceConfig.maxInstanceRequestConcurrency%2CserviceConfig.availableCpu%2CserviceConfig.vpcConnector%2CserviceConfig.vpcConnectorEgressSettings%2CserviceConfig.directVpcNetworkInterface%2CserviceConfig.directVpcEgress%2Clabels
[debug] [2026-03-24T16:51:08.599Z] >>> [apiv2][body] PATCH https://cloudfunctions.googleapis.com/v2/projects/echoops-65d4b/locations/europe-west1/functions/ssrechoops65d4b {"name":"projects/echoops-65d4b/locations/europe-west1/functions/ssrechoops65d4b","buildConfig":{"runtime":"nodejs20","entryPoint":"ssrechoops65d4b","source":{"storageSource":{"bucket":"gcf-v2-uploads-83155172875.europe-west1.cloudfunctions.appspot.com","object":"0d076734-a8d7-4ea1-8a95-cf2b497a4898.zip"}},"environmentVariables":{"GOOGLE_NODE_RUN_SCRIPTS":""}},"serviceConfig":{"environmentVariables":{"VERCEL_URL":"echoops-65d4b.web.app","__FIREBASE_FRAMEWORKS_ENTRY__":"next.js","__FIREBASE_DEFAULTS__":"{\"config\":{\"projectId\":\"echoops-65d4b\",\"storageBucket\":\"echoops-65d4b.firebasestorage.app\",\"apiKey\":\"AIzaSyB3W0G5VVxG1Zozbqdr2o5zgaYO_nHkgJM\",\"authDomain\":\"echoops-65d4b.firebaseapp.com\",\"messagingSenderId\":\"83155172875\",\"projectNumber\":\"83155172875\",\"version\":\"2\"},\"_authTokenSyncURL\":\"/__session\"}","FIREBASE_CONFIG":"{\"projectId\":\"echoops-65d4b\",\"storageBucket\":\"echoops-65d4b.firebasestorage.app\"}","GCLOUD_PROJECT":"echoops-65d4b","EVENTARC_CLOUD_EVENT_SOURCE":"projects/echoops-65d4b/locations/europe-west1/services/ssrechoops65d4b","FUNCTION_TARGET":"ssrechoops65d4b","LOG_EXECUTION_ID":"true"},"ingressSettings":null,"timeoutSeconds":null,"serviceAccountEmail":null,"availableMemory":"256Mi","minInstanceCount":null,"maxInstanceCount":null,"maxInstanceRequestConcurrency":80,"availableCpu":"1","vpcConnector":null,"vpcConnectorEgressSettings":null,"directVpcNetworkInterface":null,"directVpcEgress":null},"labels":{"deployment-tool":"cli-firebase","firebase-functions-codebase":"firebase-frameworks-echoops-65d4b","firebase-functions-hash":"2c61df1af21a89db7274b28e5f96712dd8020369"}}
[debug] [2026-03-24T16:51:10.283Z] <<< [apiv2][status] PATCH https://cloudfunctions.googleapis.com/v2/projects/echoops-65d4b/locations/europe-west1/functions/ssrechoops65d4b 200
[debug] [2026-03-24T16:51:10.283Z] <<< [apiv2][body] PATCH https://cloudfunctions.googleapis.com/v2/projects/echoops-65d4b/locations/europe-west1/functions/ssrechoops65d4b {"name":"projects/echoops-65d4b/locations/europe-west1/operations/operation-1774371068942-64dc7f5439a84-4beadf3b-90fe1910","metadata":{"@type":"type.googleapis.com/google.cloud.functions.v2.OperationMetadata","createTime":"2026-03-24T16:51:10.223973076Z","target":"projects/echoops-65d4b/locations/europe-west1/functions/ssrechoops65d4b","verb":"update","cancelRequested":false,"apiVersion":"v2"},"done":false}
[debug] [2026-03-24T16:51:10.284Z] Checked if tokens are valid: true, expires at: 1774374541946
[debug] [2026-03-24T16:51:10.284Z] Checked if tokens are valid: true, expires at: 1774374541946
[debug] [2026-03-24T16:51:10.284Z] >>> [apiv2][query] GET https://cloudfunctions.googleapis.com/v2/projects/echoops-65d4b/locations/europe-west1/operations/operation-1774371068942-64dc7f5439a84-4beadf3b-90fe1910 [none]
[debug] [2026-03-24T16:51:10.588Z] <<< [apiv2][status] GET https://cloudfunctions.googleapis.com/v2/projects/echoops-65d4b/locations/europe-west1/operations/operation-1774371068942-64dc7f5439a84-4beadf3b-90fe1910 200
[debug] [2026-03-24T16:51:10.589Z] <<< [apiv2][body] GET https://cloudfunctions.googleapis.com/v2/projects/echoops-65d4b/locations/europe-west1/operations/operation-1774371068942-64dc7f5439a84-4beadf3b-90fe1910 {"name":"projects/echoops-65d4b/locations/europe-west1/operations/operation-1774371068942-64dc7f5439a84-4beadf3b-90fe1910","metadata":{"@type":"type.googleapis.com/google.cloud.functions.v2.OperationMetadata","createTime":"2026-03-24T16:51:10.223973076Z","target":"projects/echoops-65d4b/locations/europe-west1/functions/ssrechoops65d4b","verb":"update","cancelRequested":false,"apiVersion":"v2","requestResource":{"@type":"type.googleapis.com/google.cloud.functions.v2.Function","name":"projects/echoops-65d4b/locations/europe-west1/functions/ssrechoops65d4b","buildConfig":{"runtime":"nodejs20","entryPoint":"ssrechoops65d4b","source":{"storageSource":{"bucket":"gcf-v2-sources-83155172875-europe-west1","object":"ssrechoops65d4b/function-source.zip","generation":"1774371070179116"}},"environmentVariables":{"GOOGLE_NODE_RUN_SCRIPTS":""},"dockerRepository":"projects/echoops-65d4b/locations/europe-west1/repositories/gcf-artifacts","sourceProvenance":{"resolvedStorageSource":{"bucket":"gcf-v2-sources-83155172875-europe-west1","object":"ssrechoops65d4b/function-source.zip","generation":"1773598187424385"}},"dockerRegistry":"ARTIFACT_REGISTRY","serviceAccount":"projects/echoops-65d4b/serviceAccounts/83155172875-compute@developer.gserviceaccount.com","automaticUpdatePolicy":{}},"serviceConfig":{"service":"projects/echoops-65d4b/locations/europe-west1/services/ssrechoops65d4b","timeoutSeconds":60,"environmentVariables":{"VERCEL_URL":"echoops-65d4b.web.app","__FIREBASE_FRAMEWORKS_ENTRY__":"next.js","__FIREBASE_DEFAULTS__":"{\"config\":{\"projectId\":\"echoops-65d4b\",\"storageBucket\":\"echoops-65d4b.firebasestorage.app\",\"apiKey\":\"AIzaSyB3W0G5VVxG1Zozbqdr2o5zgaYO_nHkgJM\",\"authDomain\":\"echoops-65d4b.firebaseapp.com\",\"messagingSenderId\":\"83155172875\",\"projectNumber\":\"83155172875\",\"version\":\"2\"},\"_authTokenSyncURL\":\"/__session\"}","FIREBASE_CONFIG":"{\"projectId\":\"echoops-65d4b\",\"storageBucket\":\"echoops-65d4b.firebasestorage.app\"}","GCLOUD_PROJECT":"echoops-65d4b","EVENTARC_CLOUD_EVENT_SOURCE":"projects/echoops-65d4b/locations/europe-west1/services/ssrechoops65d4b","FUNCTION_TARGET":"ssrechoops65d4b","LOG_EXECUTION_ID":"true"},"ingressSettings":"ALLOW_ALL","uri":"https://ssrechoops65d4b-t25ra5pwdq-ew.a.run.app","serviceAccountEmail":"83155172875-compute@developer.gserviceaccount.com","availableMemory":"256Mi","allTrafficOnLatestRevision":true,"revision":"ssrechoops65d4b-00016-xag","maxInstanceRequestConcurrency":80,"availableCpu":"1"},"state":"ACTIVE","labels":{"deployment-tool":"cli-firebase","firebase-functions-codebase":"firebase-frameworks-echoops-65d4b","firebase-functions-hash":"2c61df1af21a89db7274b28e5f96712dd8020369"},"environment":"GEN_2","url":"https://europe-west1-echoops-65d4b.cloudfunctions.net/ssrechoops65d4b","satisfiesPzi":true},"stages":[{"name":"BUILD","state":"NOT_STARTED","stateMessages":[{"severity":"WARNING","type":"BuildAnalysisWarning","message":"Node.js 20 is no longer supported by the Node.js community as of 30 April, 2026. Node.js 20 will be deprecated on 2026-04-30. We recommend you to upgrade to the latest version of Node.js as soon as possible."}]},{"name":"SERVICE","state":"NOT_STARTED"}],"operationType":"UPDATE_FUNCTION"},"done":false}
[debug] [2026-03-24T16:51:11.090Z] [update-firebase-frameworks-echoops-65d4b-europe-west1-ssrechoops65d4b] Retrying task index 0
[debug] [2026-03-24T16:51:11.090Z] Checked if tokens are valid: true, expires at: 1774374541946
[debug] [2026-03-24T16:51:11.090Z] Checked if tokens are valid: true, expires at: 1774374541946
[debug] [2026-03-24T16:51:11.090Z] >>> [apiv2][query] GET https://cloudfunctions.googleapis.com/v2/projects/echoops-65d4b/locations/europe-west1/operations/operation-1774371068942-64dc7f5439a84-4beadf3b-90fe1910 [none]
[debug] [2026-03-24T16:51:11.376Z] <<< [apiv2][status] GET https://cloudfunctions.googleapis.com/v2/projects/echoops-65d4b/locations/europe-west1/operations/operation-1774371068942-64dc7f5439a84-4beadf3b-90fe1910 200
[debug] [2026-03-24T16:51:11.377Z] <<< [apiv2][body] GET https://cloudfunctions.googleapis.com/v2/projects/echoops-65d4b/locations/europe-west1/operations/operation-1774371068942-64dc7f5439a84-4beadf3b-90fe1910 {"name":"projects/echoops-65d4b/locations/europe-west1/operations/operation-1774371068942-64dc7f5439a84-4beadf3b-90fe1910","metadata":{"@type":"type.googleapis.com/google.cloud.functions.v2.OperationMetadata","createTime":"2026-03-24T16:51:10.223973076Z","target":"projects/echoops-65d4b/locations/europe-west1/functions/ssrechoops65d4b","verb":"update","cancelRequested":false,"apiVersion":"v2","requestResource":{"@type":"type.googleapis.com/google.cloud.functions.v2.Function","name":"projects/echoops-65d4b/locations/europe-west1/functions/ssrechoops65d4b","buildConfig":{"runtime":"nodejs20","entryPoint":"ssrechoops65d4b","source":{"storageSource":{"bucket":"gcf-v2-sources-83155172875-europe-west1","object":"ssrechoops65d4b/function-source.zip","generation":"1774371070179116"}},"environmentVariables":{"GOOGLE_NODE_RUN_SCRIPTS":""},"dockerRepository":"projects/echoops-65d4b/locations/europe-west1/repositories/gcf-artifacts","sourceProvenance":{"resolvedStorageSource":{"bucket":"gcf-v2-sources-83155172875-europe-west1","object":"ssrechoops65d4b/function-source.zip","generation":"1773598187424385"}},"dockerRegistry":"ARTIFACT_REGISTRY","serviceAccount":"projects/echoops-65d4b/serviceAccounts/83155172875-compute@developer.gserviceaccount.com","automaticUpdatePolicy":{}},"serviceConfig":{"service":"projects/echoops-65d4b/locations/europe-west1/services/ssrechoops65d4b","timeoutSeconds":60,"environmentVariables":{"VERCEL_URL":"echoops-65d4b.web.app","__FIREBASE_FRAMEWORKS_ENTRY__":"next.js","__FIREBASE_DEFAULTS__":"{\"config\":{\"projectId\":\"echoops-65d4b\",\"storageBucket\":\"echoops-65d4b.firebasestorage.app\",\"apiKey\":\"AIzaSyB3W0G5VVxG1Zozbqdr2o5zgaYO_nHkgJM\",\"authDomain\":\"echoops-65d4b.firebaseapp.com\",\"messagingSenderId\":\"83155172875\",\"projectNumber\":\"83155172875\",\"version\":\"2\"},\"_authTokenSyncURL\":\"/__session\"}","FIREBASE_CONFIG":"{\"projectId\":\"echoops-65d4b\",\"storageBucket\":\"echoops-65d4b.firebasestorage.app\"}","GCLOUD_PROJECT":"echoops-65d4b","EVENTARC_CLOUD_EVENT_SOURCE":"projects/echoops-65d4b/locations/europe-west1/services/ssrechoops65d4b","FUNCTION_TARGET":"ssrechoops65d4b","LOG_EXECUTION_ID":"true"},"ingressSettings":"ALLOW_ALL","uri":"https://ssrechoops65d4b-t25ra5pwdq-ew.a.run.app","serviceAccountEmail":"83155172875-compute@developer.gserviceaccount.com","availableMemory":"256Mi","allTrafficOnLatestRevision":true,"revision":"ssrechoops65d4b-00016-xag","maxInstanceRequestConcurrency":80,"availableCpu":"1"},"state":"ACTIVE","labels":{"deployment-tool":"cli-firebase","firebase-functions-codebase":"firebase-frameworks-echoops-65d4b","firebase-functions-hash":"2c61df1af21a89db7274b28e5f96712dd8020369"},"environment":"GEN_2","url":"https://europe-west1-echoops-65d4b.cloudfunctions.net/ssrechoops65d4b","satisfiesPzi":true},"stages":[{"name":"BUILD","state":"NOT_STARTED","stateMessages":[{"severity":"WARNING","type":"BuildAnalysisWarning","message":"Node.js 20 is no longer supported by the Node.js community as of 30 April, 2026. Node.js 20 will be deprecated on 2026-04-30. We recommend you to upgrade to the latest version of Node.js as soon as possible."}]},{"name":"SERVICE","state":"NOT_STARTED"}],"operationType":"UPDATE_FUNCTION"},"done":false}
[debug] [2026-03-24T16:51:12.377Z] [update-firebase-frameworks-echoops-65d4b-europe-west1-ssrechoops65d4b] Retrying task index 0
[debug] [2026-03-24T16:51:12.377Z] Checked if tokens are valid: true, expires at: 1774374541946
[debug] [2026-03-24T16:51:12.377Z] Checked if tokens are valid: true, expires at: 1774374541946
[debug] [2026-03-24T16:51:12.377Z] >>> [apiv2][query] GET https://cloudfunctions.googleapis.com/v2/projects/echoops-65d4b/locations/europe-west1/operations/operation-1774371068942-64dc7f5439a84-4beadf3b-90fe1910 [none]
[debug] [2026-03-24T16:51:12.624Z] <<< [apiv2][status] GET https://cloudfunctions.googleapis.com/v2/projects/echoops-65d4b/locations/europe-west1/operations/operation-1774371068942-64dc7f5439a84-4beadf3b-90fe1910 200
[debug] [2026-03-24T16:51:12.624Z] <<< [apiv2][body] GET https://cloudfunctions.googleapis.com/v2/projects/echoops-65d4b/locations/europe-west1/operations/operation-1774371068942-64dc7f5439a84-4beadf3b-90fe1910 {"name":"projects/echoops-65d4b/locations/europe-west1/operations/operation-1774371068942-64dc7f5439a84-4beadf3b-90fe1910","metadata":{"@type":"type.googleapis.com/google.cloud.functions.v2.OperationMetadata","createTime":"2026-03-24T16:51:10.223973076Z","target":"projects/echoops-65d4b/locations/europe-west1/functions/ssrechoops65d4b","verb":"update","cancelRequested":false,"apiVersion":"v2","requestResource":{"@type":"type.googleapis.com/google.cloud.functions.v2.Function","name":"projects/echoops-65d4b/locations/europe-west1/functions/ssrechoops65d4b","buildConfig":{"runtime":"nodejs20","entryPoint":"ssrechoops65d4b","source":{"storageSource":{"bucket":"gcf-v2-sources-83155172875-europe-west1","object":"ssrechoops65d4b/function-source.zip","generation":"1774371070179116"}},"environmentVariables":{"GOOGLE_NODE_RUN_SCRIPTS":""},"dockerRepository":"projects/echoops-65d4b/locations/europe-west1/repositories/gcf-artifacts","sourceProvenance":{"resolvedStorageSource":{"bucket":"gcf-v2-sources-83155172875-europe-west1","object":"ssrechoops65d4b/function-source.zip","generation":"1773598187424385"}},"dockerRegistry":"ARTIFACT_REGISTRY","serviceAccount":"projects/echoops-65d4b/serviceAccounts/83155172875-compute@developer.gserviceaccount.com","automaticUpdatePolicy":{}},"serviceConfig":{"service":"projects/echoops-65d4b/locations/europe-west1/services/ssrechoops65d4b","timeoutSeconds":60,"environmentVariables":{"VERCEL_URL":"echoops-65d4b.web.app","__FIREBASE_FRAMEWORKS_ENTRY__":"next.js","__FIREBASE_DEFAULTS__":"{\"config\":{\"projectId\":\"echoops-65d4b\",\"storageBucket\":\"echoops-65d4b.firebasestorage.app\",\"apiKey\":\"AIzaSyB3W0G5VVxG1Zozbqdr2o5zgaYO_nHkgJM\",\"authDomain\":\"echoops-65d4b.firebaseapp.com\",\"messagingSenderId\":\"83155172875\",\"projectNumber\":\"83155172875\",\"version\":\"2\"},\"_authTokenSyncURL\":\"/__session\"}","FIREBASE_CONFIG":"{\"projectId\":\"echoops-65d4b\",\"storageBucket\":\"echoops-65d4b.firebasestorage.app\"}","GCLOUD_PROJECT":"echoops-65d4b","EVENTARC_CLOUD_EVENT_SOURCE":"projects/echoops-65d4b/locations/europe-west1/services/ssrechoops65d4b","FUNCTION_TARGET":"ssrechoops65d4b","LOG_EXECUTION_ID":"true"},"ingressSettings":"ALLOW_ALL","uri":"https://ssrechoops65d4b-t25ra5pwdq-ew.a.run.app","serviceAccountEmail":"83155172875-compute@developer.gserviceaccount.com","availableMemory":"256Mi","allTrafficOnLatestRevision":true,"revision":"ssrechoops65d4b-00016-xag","maxInstanceRequestConcurrency":80,"availableCpu":"1"},"state":"ACTIVE","labels":{"deployment-tool":"cli-firebase","firebase-functions-codebase":"firebase-frameworks-echoops-65d4b","firebase-functions-hash":"2c61df1af21a89db7274b28e5f96712dd8020369"},"environment":"GEN_2","url":"https://europe-west1-echoops-65d4b.cloudfunctions.net/ssrechoops65d4b","satisfiesPzi":true},"stages":[{"name":"BUILD","message":"Build in progress","state":"IN_PROGRESS","resource":"projects/83155172875/locations/europe-west1/builds/b28e3a2d-7cde-4e62-9f02-3c56a19ee073","resourceUri":"https://console.cloud.google.com/cloud-build/builds;region=europe-west1/b28e3a2d-7cde-4e62-9f02-3c56a19ee073?project=83155172875"},{"name":"SERVICE","state":"NOT_STARTED"}],"operationType":"UPDATE_FUNCTION","buildName":"projects/83155172875/locations/europe-west1/builds/b28e3a2d-7cde-4e62-9f02-3c56a19ee073"},"done":false}
[debug] [2026-03-24T16:51:14.625Z] [update-firebase-frameworks-echoops-65d4b-europe-west1-ssrechoops65d4b] Retrying task index 0
[debug] [2026-03-24T16:51:14.625Z] Checked if tokens are valid: true, expires at: 1774374541946
[debug] [2026-03-24T16:51:14.625Z] Checked if tokens are valid: true, expires at: 1774374541946
[debug] [2026-03-24T16:51:14.626Z] >>> [apiv2][query] GET https://cloudfunctions.googleapis.com/v2/projects/echoops-65d4b/locations/europe-west1/operations/operation-1774371068942-64dc7f5439a84-4beadf3b-90fe1910 [none]
[debug] [2026-03-24T16:51:14.914Z] <<< [apiv2][status] GET https://cloudfunctions.googleapis.com/v2/projects/echoops-65d4b/locations/europe-west1/operations/operation-1774371068942-64dc7f5439a84-4beadf3b-90fe1910 200
[debug] [2026-03-24T16:51:14.914Z] <<< [apiv2][body] GET https://cloudfunctions.googleapis.com/v2/projects/echoops-65d4b/locations/europe-west1/operations/operation-1774371068942-64dc7f5439a84-4beadf3b-90fe1910 {"name":"projects/echoops-65d4b/locations/europe-west1/operations/operation-1774371068942-64dc7f5439a84-4beadf3b-90fe1910","metadata":{"@type":"type.googleapis.com/google.cloud.functions.v2.OperationMetadata","createTime":"2026-03-24T16:51:10.223973076Z","target":"projects/echoops-65d4b/locations/europe-west1/functions/ssrechoops65d4b","verb":"update","cancelRequested":false,"apiVersion":"v2","requestResource":{"@type":"type.googleapis.com/google.cloud.functions.v2.Function","name":"projects/echoops-65d4b/locations/europe-west1/functions/ssrechoops65d4b","buildConfig":{"runtime":"nodejs20","entryPoint":"ssrechoops65d4b","source":{"storageSource":{"bucket":"gcf-v2-sources-83155172875-europe-west1","object":"ssrechoops65d4b/function-source.zip","generation":"1774371070179116"}},"environmentVariables":{"GOOGLE_NODE_RUN_SCRIPTS":""},"dockerRepository":"projects/echoops-65d4b/locations/europe-west1/repositories/gcf-artifacts","sourceProvenance":{"resolvedStorageSource":{"bucket":"gcf-v2-sources-83155172875-europe-west1","object":"ssrechoops65d4b/function-source.zip","generation":"1773598187424385"}},"dockerRegistry":"ARTIFACT_REGISTRY","serviceAccount":"projects/echoops-65d4b/serviceAccounts/83155172875-compute@developer.gserviceaccount.com","automaticUpdatePolicy":{}},"serviceConfig":{"service":"projects/echoops-65d4b/locations/europe-west1/services/ssrechoops65d4b","timeoutSeconds":60,"environmentVariables":{"VERCEL_URL":"echoops-65d4b.web.app","__FIREBASE_FRAMEWORKS_ENTRY__":"next.js","__FIREBASE_DEFAULTS__":"{\"config\":{\"projectId\":\"echoops-65d4b\",\"storageBucket\":\"echoops-65d4b.firebasestorage.app\",\"apiKey\":\"AIzaSyB3W0G5VVxG1Zozbqdr2o5zgaYO_nHkgJM\",\"authDomain\":\"echoops-65d4b.firebaseapp.com\",\"messagingSenderId\":\"83155172875\",\"projectNumber\":\"83155172875\",\"version\":\"2\"},\"_authTokenSyncURL\":\"/__session\"}","FIREBASE_CONFIG":"{\"projectId\":\"echoops-65d4b\",\"storageBucket\":\"echoops-65d4b.firebasestorage.app\"}","GCLOUD_PROJECT":"echoops-65d4b","EVENTARC_CLOUD_EVENT_SOURCE":"projects/echoops-65d4b/locations/europe-west1/services/ssrechoops65d4b","FUNCTION_TARGET":"ssrechoops65d4b","LOG_EXECUTION_ID":"true"},"ingressSettings":"ALLOW_ALL","uri":"https://ssrechoops65d4b-t25ra5pwdq-ew.a.run.app","serviceAccountEmail":"83155172875-compute@developer.gserviceaccount.com","availableMemory":"256Mi","allTrafficOnLatestRevision":true,"revision":"ssrechoops65d4b-00016-xag","maxInstanceRequestConcurrency":80,"availableCpu":"1"},"state":"ACTIVE","labels":{"deployment-tool":"cli-firebase","firebase-functions-codebase":"firebase-frameworks-echoops-65d4b","firebase-functions-hash":"2c61df1af21a89db7274b28e5f96712dd8020369"},"environment":"GEN_2","url":"https://europe-west1-echoops-65d4b.cloudfunctions.net/ssrechoops65d4b","satisfiesPzi":true},"stages":[{"name":"BUILD","message":"Build in progress","state":"IN_PROGRESS","resource":"projects/83155172875/locations/europe-west1/builds/b28e3a2d-7cde-4e62-9f02-3c56a19ee073","resourceUri":"https://console.cloud.google.com/cloud-build/builds;region=europe-west1/b28e3a2d-7cde-4e62-9f02-3c56a19ee073?project=83155172875"},{"name":"SERVICE","state":"NOT_STARTED"}],"operationType":"UPDATE_FUNCTION","buildName":"projects/83155172875/locations/europe-west1/builds/b28e3a2d-7cde-4e62-9f02-3c56a19ee073"},"done":false}
[debug] [2026-03-24T16:51:18.915Z] [update-firebase-frameworks-echoops-65d4b-europe-west1-ssrechoops65d4b] Retrying task index 0
[debug] [2026-03-24T16:51:18.916Z] Checked if tokens are valid: true, expires at: 1774374541946
[debug] [2026-03-24T16:51:18.916Z] Checked if tokens are valid: true, expires at: 1774374541946
[debug] [2026-03-24T16:51:18.916Z] >>> [apiv2][query] GET https://cloudfunctions.googleapis.com/v2/projects/echoops-65d4b/locations/europe-west1/operations/operation-1774371068942-64dc7f5439a84-4beadf3b-90fe1910 [none]
[debug] [2026-03-24T16:51:19.260Z] <<< [apiv2][status] GET https://cloudfunctions.googleapis.com/v2/projects/echoops-65d4b/locations/europe-west1/operations/operation-1774371068942-64dc7f5439a84-4beadf3b-90fe1910 200
[debug] [2026-03-24T16:51:19.260Z] <<< [apiv2][body] GET https://cloudfunctions.googleapis.com/v2/projects/echoops-65d4b/locations/europe-west1/operations/operation-1774371068942-64dc7f5439a84-4beadf3b-90fe1910 {"name":"projects/echoops-65d4b/locations/europe-west1/operations/operation-1774371068942-64dc7f5439a84-4beadf3b-90fe1910","metadata":{"@type":"type.googleapis.com/google.cloud.functions.v2.OperationMetadata","createTime":"2026-03-24T16:51:10.223973076Z","target":"projects/echoops-65d4b/locations/europe-west1/functions/ssrechoops65d4b","verb":"update","cancelRequested":false,"apiVersion":"v2","requestResource":{"@type":"type.googleapis.com/google.cloud.functions.v2.Function","name":"projects/echoops-65d4b/locations/europe-west1/functions/ssrechoops65d4b","buildConfig":{"runtime":"nodejs20","entryPoint":"ssrechoops65d4b","source":{"storageSource":{"bucket":"gcf-v2-sources-83155172875-europe-west1","object":"ssrechoops65d4b/function-source.zip","generation":"1774371070179116"}},"environmentVariables":{"GOOGLE_NODE_RUN_SCRIPTS":""},"dockerRepository":"projects/echoops-65d4b/locations/europe-west1/repositories/gcf-artifacts","sourceProvenance":{"resolvedStorageSource":{"bucket":"gcf-v2-sources-83155172875-europe-west1","object":"ssrechoops65d4b/function-source.zip","generation":"1773598187424385"}},"dockerRegistry":"ARTIFACT_REGISTRY","serviceAccount":"projects/echoops-65d4b/serviceAccounts/83155172875-compute@developer.gserviceaccount.com","automaticUpdatePolicy":{}},"serviceConfig":{"service":"projects/echoops-65d4b/locations/europe-west1/services/ssrechoops65d4b","timeoutSeconds":60,"environmentVariables":{"VERCEL_URL":"echoops-65d4b.web.app","__FIREBASE_FRAMEWORKS_ENTRY__":"next.js","__FIREBASE_DEFAULTS__":"{\"config\":{\"projectId\":\"echoops-65d4b\",\"storageBucket\":\"echoops-65d4b.firebasestorage.app\",\"apiKey\":\"AIzaSyB3W0G5VVxG1Zozbqdr2o5zgaYO_nHkgJM\",\"authDomain\":\"echoops-65d4b.firebaseapp.com\",\"messagingSenderId\":\"83155172875\",\"projectNumber\":\"83155172875\",\"version\":\"2\"},\"_authTokenSyncURL\":\"/__session\"}","FIREBASE_CONFIG":"{\"projectId\":\"echoops-65d4b\",\"storageBucket\":\"echoops-65d4b.firebasestorage.app\"}","GCLOUD_PROJECT":"echoops-65d4b","EVENTARC_CLOUD_EVENT_SOURCE":"projects/echoops-65d4b/locations/europe-west1/services/ssrechoops65d4b","FUNCTION_TARGET":"ssrechoops65d4b","LOG_EXECUTION_ID":"true"},"ingressSettings":"ALLOW_ALL","uri":"https://ssrechoops65d4b-t25ra5pwdq-ew.a.run.app","serviceAccountEmail":"83155172875-compute@developer.gserviceaccount.com","availableMemory":"256Mi","allTrafficOnLatestRevision":true,"revision":"ssrechoops65d4b-00016-xag","maxInstanceRequestConcurrency":80,"availableCpu":"1"},"state":"ACTIVE","labels":{"deployment-tool":"cli-firebase","firebase-functions-codebase":"firebase-frameworks-echoops-65d4b","firebase-functions-hash":"2c61df1af21a89db7274b28e5f96712dd8020369"},"environment":"GEN_2","url":"https://europe-west1-echoops-65d4b.cloudfunctions.net/ssrechoops65d4b","satisfiesPzi":true},"stages":[{"name":"BUILD","message":"Build in progress","state":"IN_PROGRESS","resource":"projects/83155172875/locations/europe-west1/builds/b28e3a2d-7cde-4e62-9f02-3c56a19ee073","resourceUri":"https://console.cloud.google.com/cloud-build/builds;region=europe-west1/b28e3a2d-7cde-4e62-9f02-3c56a19ee073?project=83155172875"},{"name":"SERVICE","state":"NOT_STARTED"}],"operationType":"UPDATE_FUNCTION","buildName":"projects/83155172875/locations/europe-west1/builds/b28e3a2d-7cde-4e62-9f02-3c56a19ee073"},"done":false}
[debug] [2026-03-24T16:51:27.261Z] [update-firebase-frameworks-echoops-65d4b-europe-west1-ssrechoops65d4b] Retrying task index 0
[debug] [2026-03-24T16:51:27.261Z] Checked if tokens are valid: true, expires at: 1774374541946
[debug] [2026-03-24T16:51:27.262Z] Checked if tokens are valid: true, expires at: 1774374541946
[debug] [2026-03-24T16:51:27.262Z] >>> [apiv2][query] GET https://cloudfunctions.googleapis.com/v2/projects/echoops-65d4b/locations/europe-west1/operations/operation-1774371068942-64dc7f5439a84-4beadf3b-90fe1910 [none]
[debug] [2026-03-24T16:51:27.621Z] <<< [apiv2][status] GET https://cloudfunctions.googleapis.com/v2/projects/echoops-65d4b/locations/europe-west1/operations/operation-1774371068942-64dc7f5439a84-4beadf3b-90fe1910 200
[debug] [2026-03-24T16:51:27.621Z] <<< [apiv2][body] GET https://cloudfunctions.googleapis.com/v2/projects/echoops-65d4b/locations/europe-west1/operations/operation-1774371068942-64dc7f5439a84-4beadf3b-90fe1910 {"name":"projects/echoops-65d4b/locations/europe-west1/operations/operation-1774371068942-64dc7f5439a84-4beadf3b-90fe1910","metadata":{"@type":"type.googleapis.com/google.cloud.functions.v2.OperationMetadata","createTime":"2026-03-24T16:51:10.223973076Z","target":"projects/echoops-65d4b/locations/europe-west1/functions/ssrechoops65d4b","verb":"update","cancelRequested":false,"apiVersion":"v2","requestResource":{"@type":"type.googleapis.com/google.cloud.functions.v2.Function","name":"projects/echoops-65d4b/locations/europe-west1/functions/ssrechoops65d4b","buildConfig":{"runtime":"nodejs20","entryPoint":"ssrechoops65d4b","source":{"storageSource":{"bucket":"gcf-v2-sources-83155172875-europe-west1","object":"ssrechoops65d4b/function-source.zip","generation":"1774371070179116"}},"environmentVariables":{"GOOGLE_NODE_RUN_SCRIPTS":""},"dockerRepository":"projects/echoops-65d4b/locations/europe-west1/repositories/gcf-artifacts","sourceProvenance":{"resolvedStorageSource":{"bucket":"gcf-v2-sources-83155172875-europe-west1","object":"ssrechoops65d4b/function-source.zip","generation":"1773598187424385"}},"dockerRegistry":"ARTIFACT_REGISTRY","serviceAccount":"projects/echoops-65d4b/serviceAccounts/83155172875-compute@developer.gserviceaccount.com","automaticUpdatePolicy":{}},"serviceConfig":{"service":"projects/echoops-65d4b/locations/europe-west1/services/ssrechoops65d4b","timeoutSeconds":60,"environmentVariables":{"VERCEL_URL":"echoops-65d4b.web.app","__FIREBASE_FRAMEWORKS_ENTRY__":"next.js","__FIREBASE_DEFAULTS__":"{\"config\":{\"projectId\":\"echoops-65d4b\",\"storageBucket\":\"echoops-65d4b.firebasestorage.app\",\"apiKey\":\"AIzaSyB3W0G5VVxG1Zozbqdr2o5zgaYO_nHkgJM\",\"authDomain\":\"echoops-65d4b.firebaseapp.com\",\"messagingSenderId\":\"83155172875\",\"projectNumber\":\"83155172875\",\"version\":\"2\"},\"_authTokenSyncURL\":\"/__session\"}","FIREBASE_CONFIG":"{\"projectId\":\"echoops-65d4b\",\"storageBucket\":\"echoops-65d4b.firebasestorage.app\"}","GCLOUD_PROJECT":"echoops-65d4b","EVENTARC_CLOUD_EVENT_SOURCE":"projects/echoops-65d4b/locations/europe-west1/services/ssrechoops65d4b","FUNCTION_TARGET":"ssrechoops65d4b","LOG_EXECUTION_ID":"true"},"ingressSettings":"ALLOW_ALL","uri":"https://ssrechoops65d4b-t25ra5pwdq-ew.a.run.app","serviceAccountEmail":"83155172875-compute@developer.gserviceaccount.com","availableMemory":"256Mi","allTrafficOnLatestRevision":true,"revision":"ssrechoops65d4b-00016-xag","maxInstanceRequestConcurrency":80,"availableCpu":"1"},"state":"ACTIVE","labels":{"deployment-tool":"cli-firebase","firebase-functions-codebase":"firebase-frameworks-echoops-65d4b","firebase-functions-hash":"2c61df1af21a89db7274b28e5f96712dd8020369"},"environment":"GEN_2","url":"https://europe-west1-echoops-65d4b.cloudfunctions.net/ssrechoops65d4b","satisfiesPzi":true},"stages":[{"name":"BUILD","message":"Build in progress","state":"IN_PROGRESS","resource":"projects/83155172875/locations/europe-west1/builds/b28e3a2d-7cde-4e62-9f02-3c56a19ee073","resourceUri":"https://console.cloud.google.com/cloud-build/builds;region=europe-west1/b28e3a2d-7cde-4e62-9f02-3c56a19ee073?project=83155172875"},{"name":"SERVICE","state":"NOT_STARTED"}],"operationType":"UPDATE_FUNCTION","buildName":"projects/83155172875/locations/europe-west1/builds/b28e3a2d-7cde-4e62-9f02-3c56a19ee073"},"done":false}
